<?xml version="1.0" encoding="UTF-8"?>
<DocSetNodes version="1.0">
    <TOC>
        <Node type="folder">
            <Name>Mobile Client SDK</Name>
            <Path>index.html</Path>
			<Subnodes>
                
				
				<Node type="folder">
					<Name>Classes</Name>
					<Path>index.html</Path>
					<Subnodes>
						<NodeRef refid="1"/>
						<NodeRef refid="2"/>
						<NodeRef refid="3"/>
						<NodeRef refid="4"/>
						<NodeRef refid="5"/>
						<NodeRef refid="6"/>
						<NodeRef refid="7"/>
						<NodeRef refid="8"/>
						<NodeRef refid="9"/>
						<NodeRef refid="10"/>
						<NodeRef refid="11"/>
						<NodeRef refid="12"/>
						<NodeRef refid="13"/>
						<NodeRef refid="14"/>
						<NodeRef refid="15"/>
						<NodeRef refid="16"/>
						<NodeRef refid="17"/>
						<NodeRef refid="18"/>
						<NodeRef refid="19"/>
						<NodeRef refid="20"/>
						<NodeRef refid="21"/>
						<NodeRef refid="22"/>
						<NodeRef refid="23"/>
						<NodeRef refid="24"/>
						<NodeRef refid="25"/>
						
					</Subnodes>
				</Node>
				
				
                
				<Node>
					<Name>Protocols</Name>
					<Path>index.html</Path>
					<Subnodes>
						<NodeRef refid="26"/>
						
					</Subnodes>
				</Node>
				
                
				<Node>
					<Name>Constants</Name>
					<Path>index.html</Path>
					<Subnodes>
						<NodeRef refid="27"/>
						<NodeRef refid="28"/>
						<NodeRef refid="29"/>
						<NodeRef refid="30"/>
						<NodeRef refid="31"/>
						<NodeRef refid="32"/>
						<NodeRef refid="33"/>
						<NodeRef refid="34"/>
						<NodeRef refid="35"/>
						
					</Subnodes>
				</Node>
				
                
                <Node>
                    <Name>Blocks</Name>
                    <Path>index.html</Path>
                    <Subnodes>
                        <NodeRef refid="36"/>
                        <NodeRef refid="37"/>
                        <NodeRef refid="38"/>
                        <NodeRef refid="39"/>
                        <NodeRef refid="40"/>
                        <NodeRef refid="41"/>
                        <NodeRef refid="42"/>
                        <NodeRef refid="43"/>
                        <NodeRef refid="44"/>
                        <NodeRef refid="45"/>
                        <NodeRef refid="46"/>
                        <NodeRef refid="47"/>
                        <NodeRef refid="48"/>
                        <NodeRef refid="49"/>
                        <NodeRef refid="50"/>
                        <NodeRef refid="51"/>
                        <NodeRef refid="52"/>
                        
                    </Subnodes>
                </Node>
                
			</Subnodes>
        </Node>
    </TOC>
	<Library>
		
		<Node id="1" type="file" documentType="reference">
            <Name>OMCAnalytics</Name>
            <Path>Classes/OMCAnalytics.html</Path>
            
                <Subnodes>
                <Node type="section">
                    <Path>Classes/OMCAnalytics.html</Path>
                    <Name>Overview</Name>
                    <Anchor>overview</Anchor>
                </Node>
                <Node type="section">
                    <Path>Classes/OMCAnalytics.html</Path>
                    <Name>Tasks</Name>
                    <Anchor>tasks</Anchor>
                </Node>
                
                <Node type="section">
                    <Path>Classes/OMCAnalytics.html</Path>
                    <Name>Properties</Name>
                    <Anchor>properties</Anchor>
                </Node>
                
                
                <Node type="section">
                    <Path>Classes/OMCAnalytics.html</Path>
                    <Name>Class Methods</Name>
                    <Anchor>class_methods</Anchor>
                </Node>
                
                
                <Node type="section">
                    <Path>Classes/OMCAnalytics.html</Path>
                    <Name>Instance Methods</Name>
                    <Anchor>instance_methods</Anchor>
                </Node>
                
            </Subnodes>
            
        </Node>
		<Node id="2" type="file" documentType="reference">
            <Name>OMCAnalyticsApplicationDelegate</Name>
            <Path>Classes/OMCAnalyticsApplicationDelegate.html</Path>
            
                <Subnodes>
                <Node type="section">
                    <Path>Classes/OMCAnalyticsApplicationDelegate.html</Path>
                    <Name>Overview</Name>
                    <Anchor>overview</Anchor>
                </Node>
                <Node type="section">
                    <Path>Classes/OMCAnalyticsApplicationDelegate.html</Path>
                    <Name>Tasks</Name>
                    <Anchor>tasks</Anchor>
                </Node>
                
                <Node type="section">
                    <Path>Classes/OMCAnalyticsApplicationDelegate.html</Path>
                    <Name>Properties</Name>
                    <Anchor>properties</Anchor>
                </Node>
                
                
                
                <Node type="section">
                    <Path>Classes/OMCAnalyticsApplicationDelegate.html</Path>
                    <Name>Instance Methods</Name>
                    <Anchor>instance_methods</Anchor>
                </Node>
                
            </Subnodes>
            
        </Node>
		<Node id="3" type="file" documentType="reference">
            <Name>OMCAppConfig</Name>
            <Path>Classes/OMCAppConfig.html</Path>
            
                <Subnodes>
                <Node type="section">
                    <Path>Classes/OMCAppConfig.html</Path>
                    <Name>Overview</Name>
                    <Anchor>overview</Anchor>
                </Node>
                <Node type="section">
                    <Path>Classes/OMCAppConfig.html</Path>
                    <Name>Tasks</Name>
                    <Anchor>tasks</Anchor>
                </Node>
                
                
                
                <Node type="section">
                    <Path>Classes/OMCAppConfig.html</Path>
                    <Name>Instance Methods</Name>
                    <Anchor>instance_methods</Anchor>
                </Node>
                
            </Subnodes>
            
        </Node>
		<Node id="4" type="file" documentType="reference">
            <Name>OMCAuthorization</Name>
            <Path>Classes/OMCAuthorization.html</Path>
            
                <Subnodes>
                <Node type="section">
                    <Path>Classes/OMCAuthorization.html</Path>
                    <Name>Overview</Name>
                    <Anchor>overview</Anchor>
                </Node>
                <Node type="section">
                    <Path>Classes/OMCAuthorization.html</Path>
                    <Name>Tasks</Name>
                    <Anchor>tasks</Anchor>
                </Node>
                
                <Node type="section">
                    <Path>Classes/OMCAuthorization.html</Path>
                    <Name>Properties</Name>
                    <Anchor>properties</Anchor>
                </Node>
                
                
                
                <Node type="section">
                    <Path>Classes/OMCAuthorization.html</Path>
                    <Name>Instance Methods</Name>
                    <Anchor>instance_methods</Anchor>
                </Node>
                
            </Subnodes>
            
        </Node>
		<Node id="5" type="file" documentType="reference">
            <Name>OMCCore</Name>
            <Path>Classes/OMCCore.html</Path>
            
        </Node>
		<Node id="6" type="file" documentType="reference">
            <Name>OMCDiagnostics</Name>
            <Path>Classes/OMCDiagnostics.html</Path>
            
                <Subnodes>
                <Node type="section">
                    <Path>Classes/OMCDiagnostics.html</Path>
                    <Name>Overview</Name>
                    <Anchor>overview</Anchor>
                </Node>
                <Node type="section">
                    <Path>Classes/OMCDiagnostics.html</Path>
                    <Name>Tasks</Name>
                    <Anchor>tasks</Anchor>
                </Node>
                
                <Node type="section">
                    <Path>Classes/OMCDiagnostics.html</Path>
                    <Name>Properties</Name>
                    <Anchor>properties</Anchor>
                </Node>
                
                
                
                <Node type="section">
                    <Path>Classes/OMCDiagnostics.html</Path>
                    <Name>Instance Methods</Name>
                    <Anchor>instance_methods</Anchor>
                </Node>
                
            </Subnodes>
            
        </Node>
		<Node id="7" type="file" documentType="reference">
            <Name>OMCFetchFileBuilder</Name>
            <Path>Classes/OMCFetchFileBuilder.html</Path>
            
                <Subnodes>
                <Node type="section">
                    <Path>Classes/OMCFetchFileBuilder.html</Path>
                    <Name>Overview</Name>
                    <Anchor>overview</Anchor>
                </Node>
                <Node type="section">
                    <Path>Classes/OMCFetchFileBuilder.html</Path>
                    <Name>Tasks</Name>
                    <Anchor>tasks</Anchor>
                </Node>
                
                
                
                <Node type="section">
                    <Path>Classes/OMCFetchFileBuilder.html</Path>
                    <Name>Instance Methods</Name>
                    <Anchor>instance_methods</Anchor>
                </Node>
                
            </Subnodes>
            
        </Node>
		<Node id="8" type="file" documentType="reference">
            <Name>OMCFetchObjectBuilder</Name>
            <Path>Classes/OMCFetchObjectBuilder.html</Path>
            
                <Subnodes>
                <Node type="section">
                    <Path>Classes/OMCFetchObjectBuilder.html</Path>
                    <Name>Overview</Name>
                    <Anchor>overview</Anchor>
                </Node>
                <Node type="section">
                    <Path>Classes/OMCFetchObjectBuilder.html</Path>
                    <Name>Tasks</Name>
                    <Anchor>tasks</Anchor>
                </Node>
                
                
                
                <Node type="section">
                    <Path>Classes/OMCFetchObjectBuilder.html</Path>
                    <Name>Instance Methods</Name>
                    <Anchor>instance_methods</Anchor>
                </Node>
                
            </Subnodes>
            
        </Node>
		<Node id="9" type="file" documentType="reference">
            <Name>OMCFetchObjectCollectionBuilder</Name>
            <Path>Classes/OMCFetchObjectCollectionBuilder.html</Path>
            
                <Subnodes>
                <Node type="section">
                    <Path>Classes/OMCFetchObjectCollectionBuilder.html</Path>
                    <Name>Overview</Name>
                    <Anchor>overview</Anchor>
                </Node>
                <Node type="section">
                    <Path>Classes/OMCFetchObjectCollectionBuilder.html</Path>
                    <Name>Tasks</Name>
                    <Anchor>tasks</Anchor>
                </Node>
                
                
                
                <Node type="section">
                    <Path>Classes/OMCFetchObjectCollectionBuilder.html</Path>
                    <Name>Instance Methods</Name>
                    <Anchor>instance_methods</Anchor>
                </Node>
                
            </Subnodes>
            
        </Node>
		<Node id="10" type="file" documentType="reference">
            <Name>OMCMobileBackend</Name>
            <Path>Classes/OMCMobileBackend.html</Path>
            
                <Subnodes>
                <Node type="section">
                    <Path>Classes/OMCMobileBackend.html</Path>
                    <Name>Overview</Name>
                    <Anchor>overview</Anchor>
                </Node>
                <Node type="section">
                    <Path>Classes/OMCMobileBackend.html</Path>
                    <Name>Tasks</Name>
                    <Anchor>tasks</Anchor>
                </Node>
                
                <Node type="section">
                    <Path>Classes/OMCMobileBackend.html</Path>
                    <Name>Properties</Name>
                    <Anchor>properties</Anchor>
                </Node>
                
                
                
                <Node type="section">
                    <Path>Classes/OMCMobileBackend.html</Path>
                    <Name>Instance Methods</Name>
                    <Anchor>instance_methods</Anchor>
                </Node>
                
            </Subnodes>
            
        </Node>
		<Node id="11" type="file" documentType="reference">
            <Name>OMCMobileBackendManager</Name>
            <Path>Classes/OMCMobileBackendManager.html</Path>
            
                <Subnodes>
                <Node type="section">
                    <Path>Classes/OMCMobileBackendManager.html</Path>
                    <Name>Overview</Name>
                    <Anchor>overview</Anchor>
                </Node>
                <Node type="section">
                    <Path>Classes/OMCMobileBackendManager.html</Path>
                    <Name>Tasks</Name>
                    <Anchor>tasks</Anchor>
                </Node>
                
                <Node type="section">
                    <Path>Classes/OMCMobileBackendManager.html</Path>
                    <Name>Properties</Name>
                    <Anchor>properties</Anchor>
                </Node>
                
                
                <Node type="section">
                    <Path>Classes/OMCMobileBackendManager.html</Path>
                    <Name>Class Methods</Name>
                    <Anchor>class_methods</Anchor>
                </Node>
                
                
                <Node type="section">
                    <Path>Classes/OMCMobileBackendManager.html</Path>
                    <Name>Instance Methods</Name>
                    <Anchor>instance_methods</Anchor>
                </Node>
                
            </Subnodes>
            
        </Node>
		<Node id="12" type="file" documentType="reference">
            <Name>OMCMobileEndpoint</Name>
            <Path>Classes/OMCMobileEndpoint.html</Path>
            
                <Subnodes>
                <Node type="section">
                    <Path>Classes/OMCMobileEndpoint.html</Path>
                    <Name>Overview</Name>
                    <Anchor>overview</Anchor>
                </Node>
                <Node type="section">
                    <Path>Classes/OMCMobileEndpoint.html</Path>
                    <Name>Tasks</Name>
                    <Anchor>tasks</Anchor>
                </Node>
                
                <Node type="section">
                    <Path>Classes/OMCMobileEndpoint.html</Path>
                    <Name>Properties</Name>
                    <Anchor>properties</Anchor>
                </Node>
                
                
                
                <Node type="section">
                    <Path>Classes/OMCMobileEndpoint.html</Path>
                    <Name>Instance Methods</Name>
                    <Anchor>instance_methods</Anchor>
                </Node>
                
            </Subnodes>
            
        </Node>
		<Node id="13" type="file" documentType="reference">
            <Name>OMCMobileFile</Name>
            <Path>Classes/OMCMobileFile.html</Path>
            
                <Subnodes>
                <Node type="section">
                    <Path>Classes/OMCMobileFile.html</Path>
                    <Name>Overview</Name>
                    <Anchor>overview</Anchor>
                </Node>
                <Node type="section">
                    <Path>Classes/OMCMobileFile.html</Path>
                    <Name>Tasks</Name>
                    <Anchor>tasks</Anchor>
                </Node>
                
                
                
                <Node type="section">
                    <Path>Classes/OMCMobileFile.html</Path>
                    <Name>Instance Methods</Name>
                    <Anchor>instance_methods</Anchor>
                </Node>
                
            </Subnodes>
            
        </Node>
		<Node id="14" type="file" documentType="reference">
            <Name>OMCMobileObject</Name>
            <Path>Classes/OMCMobileObject.html</Path>
            
                <Subnodes>
                <Node type="section">
                    <Path>Classes/OMCMobileObject.html</Path>
                    <Name>Overview</Name>
                    <Anchor>overview</Anchor>
                </Node>
                <Node type="section">
                    <Path>Classes/OMCMobileObject.html</Path>
                    <Name>Tasks</Name>
                    <Anchor>tasks</Anchor>
                </Node>
                
                
                
                <Node type="section">
                    <Path>Classes/OMCMobileObject.html</Path>
                    <Name>Instance Methods</Name>
                    <Anchor>instance_methods</Anchor>
                </Node>
                
            </Subnodes>
            
        </Node>
		<Node id="15" type="file" documentType="reference">
            <Name>OMCMobileObjectCollection</Name>
            <Path>Classes/OMCMobileObjectCollection.html</Path>
            
                <Subnodes>
                <Node type="section">
                    <Path>Classes/OMCMobileObjectCollection.html</Path>
                    <Name>Overview</Name>
                    <Anchor>overview</Anchor>
                </Node>
                <Node type="section">
                    <Path>Classes/OMCMobileObjectCollection.html</Path>
                    <Name>Tasks</Name>
                    <Anchor>tasks</Anchor>
                </Node>
                
                
                
                <Node type="section">
                    <Path>Classes/OMCMobileObjectCollection.html</Path>
                    <Name>Instance Methods</Name>
                    <Anchor>instance_methods</Anchor>
                </Node>
                
            </Subnodes>
            
        </Node>
		<Node id="16" type="file" documentType="reference">
            <Name>OMCMobileResource</Name>
            <Path>Classes/OMCMobileResource.html</Path>
            
                <Subnodes>
                <Node type="section">
                    <Path>Classes/OMCMobileResource.html</Path>
                    <Name>Overview</Name>
                    <Anchor>overview</Anchor>
                </Node>
                <Node type="section">
                    <Path>Classes/OMCMobileResource.html</Path>
                    <Name>Tasks</Name>
                    <Anchor>tasks</Anchor>
                </Node>
                
                <Node type="section">
                    <Path>Classes/OMCMobileResource.html</Path>
                    <Name>Properties</Name>
                    <Anchor>properties</Anchor>
                </Node>
                
                
                
                <Node type="section">
                    <Path>Classes/OMCMobileResource.html</Path>
                    <Name>Instance Methods</Name>
                    <Anchor>instance_methods</Anchor>
                </Node>
                
            </Subnodes>
            
        </Node>
		<Node id="17" type="file" documentType="reference">
            <Name>OMCNotifications</Name>
            <Path>Classes/OMCNotifications.html</Path>
            
                <Subnodes>
                <Node type="section">
                    <Path>Classes/OMCNotifications.html</Path>
                    <Name>Overview</Name>
                    <Anchor>overview</Anchor>
                </Node>
                <Node type="section">
                    <Path>Classes/OMCNotifications.html</Path>
                    <Name>Tasks</Name>
                    <Anchor>tasks</Anchor>
                </Node>
                
                
                
                <Node type="section">
                    <Path>Classes/OMCNotifications.html</Path>
                    <Name>Instance Methods</Name>
                    <Anchor>instance_methods</Anchor>
                </Node>
                
            </Subnodes>
            
        </Node>
		<Node id="18" type="file" documentType="reference">
            <Name>OMCServiceProxy</Name>
            <Path>Classes/OMCServiceProxy.html</Path>
            
                <Subnodes>
                <Node type="section">
                    <Path>Classes/OMCServiceProxy.html</Path>
                    <Name>Overview</Name>
                    <Anchor>overview</Anchor>
                </Node>
                <Node type="section">
                    <Path>Classes/OMCServiceProxy.html</Path>
                    <Name>Tasks</Name>
                    <Anchor>tasks</Anchor>
                </Node>
                
                <Node type="section">
                    <Path>Classes/OMCServiceProxy.html</Path>
                    <Name>Properties</Name>
                    <Anchor>properties</Anchor>
                </Node>
                
                
                
            </Subnodes>
            
        </Node>
		<Node id="19" type="file" documentType="reference">
            <Name>OMCStorage</Name>
            <Path>Classes/OMCStorage.html</Path>
            
                <Subnodes>
                <Node type="section">
                    <Path>Classes/OMCStorage.html</Path>
                    <Name>Overview</Name>
                    <Anchor>overview</Anchor>
                </Node>
                <Node type="section">
                    <Path>Classes/OMCStorage.html</Path>
                    <Name>Tasks</Name>
                    <Anchor>tasks</Anchor>
                </Node>
                
                
                
                <Node type="section">
                    <Path>Classes/OMCStorage.html</Path>
                    <Name>Instance Methods</Name>
                    <Anchor>instance_methods</Anchor>
                </Node>
                
            </Subnodes>
            
        </Node>
		<Node id="20" type="file" documentType="reference">
            <Name>OMCStorageCollection</Name>
            <Path>Classes/OMCStorageCollection.html</Path>
            
                <Subnodes>
                <Node type="section">
                    <Path>Classes/OMCStorageCollection.html</Path>
                    <Name>Overview</Name>
                    <Anchor>overview</Anchor>
                </Node>
                <Node type="section">
                    <Path>Classes/OMCStorageCollection.html</Path>
                    <Name>Tasks</Name>
                    <Anchor>tasks</Anchor>
                </Node>
                
                <Node type="section">
                    <Path>Classes/OMCStorageCollection.html</Path>
                    <Name>Properties</Name>
                    <Anchor>properties</Anchor>
                </Node>
                
                
                
                <Node type="section">
                    <Path>Classes/OMCStorageCollection.html</Path>
                    <Name>Instance Methods</Name>
                    <Anchor>instance_methods</Anchor>
                </Node>
                
            </Subnodes>
            
        </Node>
		<Node id="21" type="file" documentType="reference">
            <Name>OMCStorageObject</Name>
            <Path>Classes/OMCStorageObject.html</Path>
            
                <Subnodes>
                <Node type="section">
                    <Path>Classes/OMCStorageObject.html</Path>
                    <Name>Overview</Name>
                    <Anchor>overview</Anchor>
                </Node>
                <Node type="section">
                    <Path>Classes/OMCStorageObject.html</Path>
                    <Name>Tasks</Name>
                    <Anchor>tasks</Anchor>
                </Node>
                
                <Node type="section">
                    <Path>Classes/OMCStorageObject.html</Path>
                    <Name>Properties</Name>
                    <Anchor>properties</Anchor>
                </Node>
                
                
                
                <Node type="section">
                    <Path>Classes/OMCStorageObject.html</Path>
                    <Name>Instance Methods</Name>
                    <Anchor>instance_methods</Anchor>
                </Node>
                
            </Subnodes>
            
        </Node>
		<Node id="22" type="file" documentType="reference">
            <Name>OMCSyncGlobals</Name>
            <Path>Classes/OMCSyncGlobals.html</Path>
            
        </Node>
		<Node id="23" type="file" documentType="reference">
            <Name>OMCSyncPolicy</Name>
            <Path>Classes/OMCSyncPolicy.html</Path>
            
                <Subnodes>
                <Node type="section">
                    <Path>Classes/OMCSyncPolicy.html</Path>
                    <Name>Overview</Name>
                    <Anchor>overview</Anchor>
                </Node>
                <Node type="section">
                    <Path>Classes/OMCSyncPolicy.html</Path>
                    <Name>Tasks</Name>
                    <Anchor>tasks</Anchor>
                </Node>
                
                <Node type="section">
                    <Path>Classes/OMCSyncPolicy.html</Path>
                    <Name>Properties</Name>
                    <Anchor>properties</Anchor>
                </Node>
                
                
                
                <Node type="section">
                    <Path>Classes/OMCSyncPolicy.html</Path>
                    <Name>Instance Methods</Name>
                    <Anchor>instance_methods</Anchor>
                </Node>
                
            </Subnodes>
            
        </Node>
		<Node id="24" type="file" documentType="reference">
            <Name>OMCSynchronization</Name>
            <Path>Classes/OMCSynchronization.html</Path>
            
                <Subnodes>
                <Node type="section">
                    <Path>Classes/OMCSynchronization.html</Path>
                    <Name>Overview</Name>
                    <Anchor>overview</Anchor>
                </Node>
                <Node type="section">
                    <Path>Classes/OMCSynchronization.html</Path>
                    <Name>Tasks</Name>
                    <Anchor>tasks</Anchor>
                </Node>
                
                
                
                <Node type="section">
                    <Path>Classes/OMCSynchronization.html</Path>
                    <Name>Instance Methods</Name>
                    <Anchor>instance_methods</Anchor>
                </Node>
                
            </Subnodes>
            
        </Node>
		<Node id="25" type="file" documentType="reference">
            <Name>OMCUser</Name>
            <Path>Classes/OMCUser.html</Path>
            
                <Subnodes>
                <Node type="section">
                    <Path>Classes/OMCUser.html</Path>
                    <Name>Overview</Name>
                    <Anchor>overview</Anchor>
                </Node>
                <Node type="section">
                    <Path>Classes/OMCUser.html</Path>
                    <Name>Tasks</Name>
                    <Anchor>tasks</Anchor>
                </Node>
                
                <Node type="section">
                    <Path>Classes/OMCUser.html</Path>
                    <Name>Properties</Name>
                    <Anchor>properties</Anchor>
                </Node>
                
                
                
            </Subnodes>
            
        </Node>
		
		
        <Node id="26" type="file" documentType="reference">
            <Name>OMCAnalyticsDelegate</Name>
            <Path>Protocols/OMCAnalyticsDelegate.html</Path>
            
                <Subnodes>
                <Node type="section">
                    <Path>Protocols/OMCAnalyticsDelegate.html</Path>
                    <Name>Overview</Name>
                    <Anchor>overview</Anchor>
                </Node>
                <Node type="section">
                    <Path>Protocols/OMCAnalyticsDelegate.html</Path>
                    <Name>Tasks</Name>
                    <Anchor>tasks</Anchor>
                </Node>
                
                
                
                <Node type="section">
                    <Path>Protocols/OMCAnalyticsDelegate.html</Path>
                    <Name>Instance Methods</Name>
                    <Anchor>instance_methods</Anchor>
                </Node>
                
            </Subnodes>
            
        </Node>
		
        <Node id="27" type="file" documentType="reference">
            <Name>OMCAuthenticationMode</Name>
            <Path>Constants/OMCAuthenticationMode.html</Path>
            
        </Node>
		<Node id="28" type="file" documentType="reference">
            <Name>OMCAuthenticationType</Name>
            <Path>Constants/OMCAuthenticationType.html</Path>
            
        </Node>
		<Node id="29" type="file" documentType="reference">
            <Name>SyncCompareOperator</Name>
            <Path>Constants/SyncCompareOperator.html</Path>
            
        </Node>
		<Node id="30" type="file" documentType="reference">
            <Name>SyncConflictState</Name>
            <Path>Constants/SyncConflictState.html</Path>
            
        </Node>
		<Node id="31" type="file" documentType="reference">
            <Name>SyncOfflineState</Name>
            <Path>Constants/SyncOfflineState.html</Path>
            
        </Node>
		<Node id="32" type="file" documentType="reference">
            <Name>SyncPinPriority</Name>
            <Path>Constants/SyncPinPriority.html</Path>
            
        </Node>
		<Node id="33" type="file" documentType="reference">
            <Name>SyncRequestMethod</Name>
            <Path>Constants/SyncRequestMethod.html</Path>
            
        </Node>
		<Node id="34" type="file" documentType="reference">
            <Name>SyncResourceKind</Name>
            <Path>Constants/SyncResourceKind.html</Path>
            
        </Node>
		<Node id="35" type="file" documentType="reference">
            <Name>SyncResourcePinState</Name>
            <Path>Constants/SyncResourcePinState.html</Path>
            
        </Node>
		
        <Node id="36" type="file" documentType="reference">
            <Name>OMCAppConfigCompletionBlock</Name>
            <Path>Blocks/OMCAppConfigCompletionBlock.html</Path>
            
        </Node>
        <Node id="37" type="file" documentType="reference">
            <Name>OMCAuthorizationAuthCompletionBlock</Name>
            <Path>Blocks/OMCAuthorizationAuthCompletionBlock.html</Path>
            
        </Node>
        <Node id="38" type="file" documentType="reference">
            <Name>OMCAuthorizationLogoutCompletionBlock</Name>
            <Path>Blocks/OMCAuthorizationLogoutCompletionBlock.html</Path>
            
        </Node>
        <Node id="39" type="file" documentType="reference">
            <Name>OMCAuthorizationTokenValidityBlock</Name>
            <Path>Blocks/OMCAuthorizationTokenValidityBlock.html</Path>
            
        </Node>
        <Node id="40" type="file" documentType="reference">
            <Name>OMCErrorCompletionBlock</Name>
            <Path>Blocks/OMCErrorCompletionBlock.html</Path>
            
        </Node>
        <Node id="41" type="file" documentType="reference">
            <Name>OMCFetchCollectionSuccess</Name>
            <Path>Blocks/OMCFetchCollectionSuccess.html</Path>
            
        </Node>
        <Node id="42" type="file" documentType="reference">
            <Name>OMCFetchFileSuccess</Name>
            <Path>Blocks/OMCFetchFileSuccess.html</Path>
            
        </Node>
        <Node id="43" type="file" documentType="reference">
            <Name>OMCFileSuccess</Name>
            <Path>Blocks/OMCFileSuccess.html</Path>
            
        </Node>
        <Node id="44" type="file" documentType="reference">
            <Name>OMCMobileResourceSuccess</Name>
            <Path>Blocks/OMCMobileResourceSuccess.html</Path>
            
        </Node>
        <Node id="45" type="file" documentType="reference">
            <Name>OMCObjectSuccess</Name>
            <Path>Blocks/OMCObjectSuccess.html</Path>
            
        </Node>
        <Node id="46" type="file" documentType="reference">
            <Name>OMCSyncErrorBlock</Name>
            <Path>Blocks/OMCSyncErrorBlock.html</Path>
            
        </Node>
        <Node id="47" type="file" documentType="reference">
            <Name>OMCSyncSuccessBlock</Name>
            <Path>Blocks/OMCSyncSuccessBlock.html</Path>
            
        </Node>
        <Node id="48" type="file" documentType="reference">
            <Name>OMCURLRequestCompletionBlock</Name>
            <Path>Blocks/OMCURLRequestCompletionBlock.html</Path>
            
        </Node>
        <Node id="49" type="file" documentType="reference">
            <Name>OMCUserRegistrationCompletionBlock</Name>
            <Path>Blocks/OMCUserRegistrationCompletionBlock.html</Path>
            
        </Node>
        <Node id="50" type="file" documentType="reference">
            <Name>OMCUserRegistrationCompletionBlockWithUser</Name>
            <Path>Blocks/OMCUserRegistrationCompletionBlockWithUser.html</Path>
            
        </Node>
        <Node id="51" type="file" documentType="reference">
            <Name>OMC_Notifications_ErrorBlock</Name>
            <Path>Blocks/OMC_Notifications_ErrorBlock.html</Path>
            
        </Node>
        <Node id="52" type="file" documentType="reference">
            <Name>OMC_Notifications_SuccessBlock</Name>
            <Path>Blocks/OMC_Notifications_SuccessBlock.html</Path>
            
        </Node>
        
	</Library>
</DocSetNodes>