<?xml version="1.0" encoding="UTF-8"?>
<Tokens version="1.0">
	<File path="Classes/OMCStorage.html">
		
		<Token>
			<TokenIdentifier>//apple_ref/occ/cl/OMCStorage</TokenIdentifier>
			<Abstract type="html">This is the main class for Storage API operations.
Please also include OMCSynchronization library and SyncStore.mom with your app</Abstract>
			<DeclaredIn>OMCStorage.h</DeclaredIn>
            
			
			<NodeRef refid="19"/>
		</Token>
		
		
		<Token>
			<TokenIdentifier>//apple_ref/occ/instm/OMCStorage/getCollection:</TokenIdentifier>
			<Abstract type="html">Fetch an OMCStorageCollection from the Storage Service.
The OMCStorageCollection is specified with the collectionID.</Abstract>
			<DeclaredIn>OMCStorage.h</DeclaredIn>
			
			<Declaration>- (OMCStorageCollection *)getCollection:(NSString *)collectionID</Declaration>
			<Parameters>
				<Parameter>
					<Name>collectionID</Name>
					<Abstract type="html">The ID of the OMCStorageCollection to be fetched.</Abstract>
				</Parameter>
			</Parameters>
			<ReturnValue><Abstract type="html">The target OMCStorageCollection object.</Abstract></ReturnValue>
			<Anchor>//api/name/getCollection:</Anchor>
            <NodeRef refid="19"/>
		</Token>
		
		<Token>
			<TokenIdentifier>//apple_ref/occ/instm/OMCStorage/getCollection:forUserId:</TokenIdentifier>
			<Abstract type="html">Fetch the OMCStorageCollection which is owned by a different user specified with userId here.
The OMCStorageCollection should be a user-isolated collection.
The current user could fetch the collection only if he or she has one of the following permissions
READALL, READWRITE_ALL.</Abstract>
			<DeclaredIn>OMCStorage.h</DeclaredIn>
			
			<Declaration>- (OMCStorageCollection *)getCollection:(NSString *)collectionID forUserId:(NSString *)userId</Declaration>
			<Parameters>
				<Parameter>
					<Name>collectionID</Name>
					<Abstract type="html">The ID of the OMCStorageCollection.</Abstract>
				</Parameter><Parameter>
					<Name>userId</Name>
					<Abstract type="html">The ID of the user who owns the collection.</Abstract>
				</Parameter>
			</Parameters>
			
			<Anchor>//api/name/getCollection:forUserId:</Anchor>
            <NodeRef refid="19"/>
		</Token>
		
        
        
	</File>
</Tokens>