<?xml version="1.0" encoding="UTF-8"?>
<Tokens version="1.0">
	<File path="Classes/OMCServiceProxy.html">
		
		<Token>
			<TokenIdentifier>//apple_ref/occ/cl/OMCServiceProxy</TokenIdentifier>
			<Abstract type="html">Interface to an Oracle Mobile Cloud service proxy.
This is an abstract superclass of the various OMC service proxies.</Abstract>
			<DeclaredIn>OMCServiceProxy.h</DeclaredIn>
            
			
			<NodeRef refid="18"/>
		</Token>
		
		
		<Token>
			<TokenIdentifier>//apple_ref/occ/instm/OMCServiceProxy/setMobileBackend:</TokenIdentifier>
			<Abstract type="html">The service proxy&apos;s mobile backend.</Abstract>
			<DeclaredIn>OMCServiceProxy.h</DeclaredIn>
			
			<Declaration>@property (readonly, nonatomic, weak) OMCMobileBackend *mobileBackend</Declaration>
			
			
			<Anchor>//api/name/mobileBackend</Anchor>
            <NodeRef refid="18"/>
		</Token>
		
		<Token>
			<TokenIdentifier>//apple_ref/occ/instm/OMCServiceProxy/mobileBackend</TokenIdentifier>
			<Abstract type="html">The service proxy&apos;s mobile backend.</Abstract>
			<DeclaredIn>OMCServiceProxy.h</DeclaredIn>
			
			<Declaration>@property (readonly, nonatomic, weak) OMCMobileBackend *mobileBackend</Declaration>
			
			
			<Anchor>//api/name/mobileBackend</Anchor>
            <NodeRef refid="18"/>
		</Token>
		
		<Token>
			<TokenIdentifier>//apple_ref/occ/instp/OMCServiceProxy/mobileBackend</TokenIdentifier>
			<Abstract type="html">The service proxy&apos;s mobile backend.</Abstract>
			<DeclaredIn>OMCServiceProxy.h</DeclaredIn>
			
			<Declaration>@property (readonly, nonatomic, weak) OMCMobileBackend *mobileBackend</Declaration>
			
			
			<Anchor>//api/name/mobileBackend</Anchor>
            <NodeRef refid="18"/>
		</Token>
		
        
        
	</File>
</Tokens>