<?xml version="1.0" encoding="UTF-8"?>
<Tokens version="1.0">
	<File path="Classes/OMCMobileBackend.html">
		
		<Token>
			<TokenIdentifier>//apple_ref/occ/cl/OMCMobileBackend</TokenIdentifier>
			<Abstract type="html">A mobile backend object holds the settings that allow a service proxy
to communicate with an MCS mobile backend.</Abstract>
			<DeclaredIn>OMCMobileBackend.h</DeclaredIn>
            
			
			<NodeRef refid="10"/>
		</Token>
		
		
		<Token>
			<TokenIdentifier>//apple_ref/occ/instm/OMCMobileBackend/setManager:</TokenIdentifier>
			<Abstract type="html">The mobile backend&apos;s manager.</Abstract>
			<DeclaredIn>OMCMobileBackend.h</DeclaredIn>
			
			<Declaration>@property (readonly, nonatomic, weak) OMCMobileBackendManager *manager</Declaration>
			
			
			<Anchor>//api/name/manager</Anchor>
            <NodeRef refid="10"/>
		</Token>
		
		<Token>
			<TokenIdentifier>//apple_ref/occ/instm/OMCMobileBackend/manager</TokenIdentifier>
			<Abstract type="html">The mobile backend&apos;s manager.</Abstract>
			<DeclaredIn>OMCMobileBackend.h</DeclaredIn>
			
			<Declaration>@property (readonly, nonatomic, weak) OMCMobileBackendManager *manager</Declaration>
			
			
			<Anchor>//api/name/manager</Anchor>
            <NodeRef refid="10"/>
		</Token>
		
		<Token>
			<TokenIdentifier>//apple_ref/occ/instp/OMCMobileBackend/manager</TokenIdentifier>
			<Abstract type="html">The mobile backend&apos;s manager.</Abstract>
			<DeclaredIn>OMCMobileBackend.h</DeclaredIn>
			
			<Declaration>@property (readonly, nonatomic, weak) OMCMobileBackendManager *manager</Declaration>
			
			
			<Anchor>//api/name/manager</Anchor>
            <NodeRef refid="10"/>
		</Token>
		
		<Token>
			<TokenIdentifier>//apple_ref/occ/instm/OMCMobileBackend/setName:</TokenIdentifier>
			<Abstract type="html">The mobile backend&apos;s name.</Abstract>
			<DeclaredIn>OMCMobileBackend.h</DeclaredIn>
			
			<Declaration>@property (readonly, nonatomic) NSString *name</Declaration>
			
			
			<Anchor>//api/name/name</Anchor>
            <NodeRef refid="10"/>
		</Token>
		
		<Token>
			<TokenIdentifier>//apple_ref/occ/instm/OMCMobileBackend/name</TokenIdentifier>
			<Abstract type="html">The mobile backend&apos;s name.</Abstract>
			<DeclaredIn>OMCMobileBackend.h</DeclaredIn>
			
			<Declaration>@property (readonly, nonatomic) NSString *name</Declaration>
			
			
			<Anchor>//api/name/name</Anchor>
            <NodeRef refid="10"/>
		</Token>
		
		<Token>
			<TokenIdentifier>//apple_ref/occ/instp/OMCMobileBackend/name</TokenIdentifier>
			<Abstract type="html">The mobile backend&apos;s name.</Abstract>
			<DeclaredIn>OMCMobileBackend.h</DeclaredIn>
			
			<Declaration>@property (readonly, nonatomic) NSString *name</Declaration>
			
			
			<Anchor>//api/name/name</Anchor>
            <NodeRef refid="10"/>
		</Token>
		
		<Token>
			<TokenIdentifier>//apple_ref/occ/instm/OMCMobileBackend/setApplicationKey:</TokenIdentifier>
			<Abstract type="html">The mobile backend&apos;s application key, which is generated by the MCS
portal, specified in the OMC
property list file (OMC.plist), and passed as an HTTP header in every
HTTP call to the MCS server.</Abstract>
			<DeclaredIn>OMCMobileBackend.h</DeclaredIn>
			
			<Declaration>@property (readonly, nonatomic) NSString *applicationKey</Declaration>
			
			
			<Anchor>//api/name/applicationKey</Anchor>
            <NodeRef refid="10"/>
		</Token>
		
		<Token>
			<TokenIdentifier>//apple_ref/occ/instm/OMCMobileBackend/applicationKey</TokenIdentifier>
			<Abstract type="html">The mobile backend&apos;s application key, which is generated by the MCS
portal, specified in the OMC
property list file (OMC.plist), and passed as an HTTP header in every
HTTP call to the MCS server.</Abstract>
			<DeclaredIn>OMCMobileBackend.h</DeclaredIn>
			
			<Declaration>@property (readonly, nonatomic) NSString *applicationKey</Declaration>
			
			
			<Anchor>//api/name/applicationKey</Anchor>
            <NodeRef refid="10"/>
		</Token>
		
		<Token>
			<TokenIdentifier>//apple_ref/occ/instp/OMCMobileBackend/applicationKey</TokenIdentifier>
			<Abstract type="html">The mobile backend&apos;s application key, which is generated by the MCS
portal, specified in the OMC
property list file (OMC.plist), and passed as an HTTP header in every
HTTP call to the MCS server.</Abstract>
			<DeclaredIn>OMCMobileBackend.h</DeclaredIn>
			
			<Declaration>@property (readonly, nonatomic) NSString *applicationKey</Declaration>
			
			
			<Anchor>//api/name/applicationKey</Anchor>
            <NodeRef refid="10"/>
		</Token>
		
		<Token>
			<TokenIdentifier>//apple_ref/occ/instm/OMCMobileBackend/setAppConfig:</TokenIdentifier>
			<Abstract type="html">The mobile backend&apos;s application configuration.
The application configuration will be empty until it is loaded.</Abstract>
			<DeclaredIn>OMCMobileBackend.h</DeclaredIn>
			
	<RelatedTokens>
		<TokenIdentifier>//apple_ref/occ/instm/OMCMobileBackend/appConfigWithCompletionHandler:</TokenIdentifier>
		
	</RelatedTokens>
	
			<Declaration>@property (readonly) OMCAppConfig *appConfig</Declaration>
			
			
			<Anchor>//api/name/appConfig</Anchor>
            <NodeRef refid="10"/>
		</Token>
		
		<Token>
			<TokenIdentifier>//apple_ref/occ/instm/OMCMobileBackend/appConfig</TokenIdentifier>
			<Abstract type="html">The mobile backend&apos;s application configuration.
The application configuration will be empty until it is loaded.</Abstract>
			<DeclaredIn>OMCMobileBackend.h</DeclaredIn>
			
	<RelatedTokens>
		<TokenIdentifier>//apple_ref/occ/instm/OMCMobileBackend/appConfigWithCompletionHandler:</TokenIdentifier>
		
	</RelatedTokens>
	
			<Declaration>@property (readonly) OMCAppConfig *appConfig</Declaration>
			
			
			<Anchor>//api/name/appConfig</Anchor>
            <NodeRef refid="10"/>
		</Token>
		
		<Token>
			<TokenIdentifier>//apple_ref/occ/instp/OMCMobileBackend/appConfig</TokenIdentifier>
			<Abstract type="html">The mobile backend&apos;s application configuration.
The application configuration will be empty until it is loaded.</Abstract>
			<DeclaredIn>OMCMobileBackend.h</DeclaredIn>
			
	<RelatedTokens>
		<TokenIdentifier>//apple_ref/occ/instm/OMCMobileBackend/appConfigWithCompletionHandler:</TokenIdentifier>
		
	</RelatedTokens>
	
			<Declaration>@property (readonly) OMCAppConfig *appConfig</Declaration>
			
			
			<Anchor>//api/name/appConfig</Anchor>
            <NodeRef refid="10"/>
		</Token>
		
		<Token>
			<TokenIdentifier>//apple_ref/occ/instm/OMCMobileBackend/setBaseURL:</TokenIdentifier>
			<Abstract type="html">The mobile backend&apos;s base URL, upon which requests such as HTTP URLs are
built. Typically, this URL is set via the OMC property list file (OMC.plist)
and is in the form http://&lt;host&gt;:&lt;port&gt;.</Abstract>
			<DeclaredIn>OMCMobileBackend.h</DeclaredIn>
			
			<Declaration>@property (copy) NSURL *baseURL</Declaration>
			
			
			<Anchor>//api/name/baseURL</Anchor>
            <NodeRef refid="10"/>
		</Token>
		
		<Token>
			<TokenIdentifier>//apple_ref/occ/instm/OMCMobileBackend/baseURL</TokenIdentifier>
			<Abstract type="html">The mobile backend&apos;s base URL, upon which requests such as HTTP URLs are
built. Typically, this URL is set via the OMC property list file (OMC.plist)
and is in the form http://&lt;host&gt;:&lt;port&gt;.</Abstract>
			<DeclaredIn>OMCMobileBackend.h</DeclaredIn>
			
			<Declaration>@property (copy) NSURL *baseURL</Declaration>
			
			
			<Anchor>//api/name/baseURL</Anchor>
            <NodeRef refid="10"/>
		</Token>
		
		<Token>
			<TokenIdentifier>//apple_ref/occ/instp/OMCMobileBackend/baseURL</TokenIdentifier>
			<Abstract type="html">The mobile backend&apos;s base URL, upon which requests such as HTTP URLs are
built. Typically, this URL is set via the OMC property list file (OMC.plist)
and is in the form http://&lt;host&gt;:&lt;port&gt;.</Abstract>
			<DeclaredIn>OMCMobileBackend.h</DeclaredIn>
			
			<Declaration>@property (copy) NSURL *baseURL</Declaration>
			
			
			<Anchor>//api/name/baseURL</Anchor>
            <NodeRef refid="10"/>
		</Token>
		
		<Token>
			<TokenIdentifier>//apple_ref/occ/instm/OMCMobileBackend/setPath:</TokenIdentifier>
			<Abstract type="html">The mobile backend&apos;s path, which is appended to the baseURL to
form the url. The default mobile backend path is OMCMobileBackendPathDefault.</Abstract>
			<DeclaredIn>OMCMobileBackend.h</DeclaredIn>
			
			<Declaration>@property (copy) NSString *path</Declaration>
			
			
			<Anchor>//api/name/path</Anchor>
            <NodeRef refid="10"/>
		</Token>
		
		<Token>
			<TokenIdentifier>//apple_ref/occ/instm/OMCMobileBackend/path</TokenIdentifier>
			<Abstract type="html">The mobile backend&apos;s path, which is appended to the baseURL to
form the url. The default mobile backend path is OMCMobileBackendPathDefault.</Abstract>
			<DeclaredIn>OMCMobileBackend.h</DeclaredIn>
			
			<Declaration>@property (copy) NSString *path</Declaration>
			
			
			<Anchor>//api/name/path</Anchor>
            <NodeRef refid="10"/>
		</Token>
		
		<Token>
			<TokenIdentifier>//apple_ref/occ/instp/OMCMobileBackend/path</TokenIdentifier>
			<Abstract type="html">The mobile backend&apos;s path, which is appended to the baseURL to
form the url. The default mobile backend path is OMCMobileBackendPathDefault.</Abstract>
			<DeclaredIn>OMCMobileBackend.h</DeclaredIn>
			
			<Declaration>@property (copy) NSString *path</Declaration>
			
			
			<Anchor>//api/name/path</Anchor>
            <NodeRef refid="10"/>
		</Token>
		
		<Token>
			<TokenIdentifier>//apple_ref/occ/instm/OMCMobileBackend/setUrl:</TokenIdentifier>
			<Abstract type="html">The mobile backend&apos;s URL, upon which requests such as HTTP URLs are
built. This URL is built by appending the current path
to the current baseURL.</Abstract>
			<DeclaredIn>OMCMobileBackend.h</DeclaredIn>
			
			<Declaration>@property (readonly) NSURL *url</Declaration>
			
			
			<Anchor>//api/name/url</Anchor>
            <NodeRef refid="10"/>
		</Token>
		
		<Token>
			<TokenIdentifier>//apple_ref/occ/instm/OMCMobileBackend/url</TokenIdentifier>
			<Abstract type="html">The mobile backend&apos;s URL, upon which requests such as HTTP URLs are
built. This URL is built by appending the current path
to the current baseURL.</Abstract>
			<DeclaredIn>OMCMobileBackend.h</DeclaredIn>
			
			<Declaration>@property (readonly) NSURL *url</Declaration>
			
			
			<Anchor>//api/name/url</Anchor>
            <NodeRef refid="10"/>
		</Token>
		
		<Token>
			<TokenIdentifier>//apple_ref/occ/instp/OMCMobileBackend/url</TokenIdentifier>
			<Abstract type="html">The mobile backend&apos;s URL, upon which requests such as HTTP URLs are
built. This URL is built by appending the current path
to the current baseURL.</Abstract>
			<DeclaredIn>OMCMobileBackend.h</DeclaredIn>
			
			<Declaration>@property (readonly) NSURL *url</Declaration>
			
			
			<Anchor>//api/name/url</Anchor>
            <NodeRef refid="10"/>
		</Token>
		
		<Token>
			<TokenIdentifier>//apple_ref/occ/instm/OMCMobileBackend/setPlatformPath:</TokenIdentifier>
			<Abstract type="html">The mobile backend&apos;s platform path, which is appended to the url to
form the platformURL. The default platform path is OMCMobileBackendPlatformPathDefault.</Abstract>
			<DeclaredIn>OMCMobileBackend.h</DeclaredIn>
			
			<Declaration>@property (copy) NSString *platformPath</Declaration>
			
			
			<Anchor>//api/name/platformPath</Anchor>
            <NodeRef refid="10"/>
		</Token>
		
		<Token>
			<TokenIdentifier>//apple_ref/occ/instm/OMCMobileBackend/platformPath</TokenIdentifier>
			<Abstract type="html">The mobile backend&apos;s platform path, which is appended to the url to
form the platformURL. The default platform path is OMCMobileBackendPlatformPathDefault.</Abstract>
			<DeclaredIn>OMCMobileBackend.h</DeclaredIn>
			
			<Declaration>@property (copy) NSString *platformPath</Declaration>
			
			
			<Anchor>//api/name/platformPath</Anchor>
            <NodeRef refid="10"/>
		</Token>
		
		<Token>
			<TokenIdentifier>//apple_ref/occ/instp/OMCMobileBackend/platformPath</TokenIdentifier>
			<Abstract type="html">The mobile backend&apos;s platform path, which is appended to the url to
form the platformURL. The default platform path is OMCMobileBackendPlatformPathDefault.</Abstract>
			<DeclaredIn>OMCMobileBackend.h</DeclaredIn>
			
			<Declaration>@property (copy) NSString *platformPath</Declaration>
			
			
			<Anchor>//api/name/platformPath</Anchor>
            <NodeRef refid="10"/>
		</Token>
		
		<Token>
			<TokenIdentifier>//apple_ref/occ/instm/OMCMobileBackend/setPlatformURL:</TokenIdentifier>
			<Abstract type="html">The mobile backend&apos;s platform URL, upon which requests such as HTTP URLs are
built. This URL is built by appending the current platformPath
to the current url.</Abstract>
			<DeclaredIn>OMCMobileBackend.h</DeclaredIn>
			
			<Declaration>@property (readonly) NSURL *platformURL</Declaration>
			
			
			<Anchor>//api/name/platformURL</Anchor>
            <NodeRef refid="10"/>
		</Token>
		
		<Token>
			<TokenIdentifier>//apple_ref/occ/instm/OMCMobileBackend/platformURL</TokenIdentifier>
			<Abstract type="html">The mobile backend&apos;s platform URL, upon which requests such as HTTP URLs are
built. This URL is built by appending the current platformPath
to the current url.</Abstract>
			<DeclaredIn>OMCMobileBackend.h</DeclaredIn>
			
			<Declaration>@property (readonly) NSURL *platformURL</Declaration>
			
			
			<Anchor>//api/name/platformURL</Anchor>
            <NodeRef refid="10"/>
		</Token>
		
		<Token>
			<TokenIdentifier>//apple_ref/occ/instp/OMCMobileBackend/platformURL</TokenIdentifier>
			<Abstract type="html">The mobile backend&apos;s platform URL, upon which requests such as HTTP URLs are
built. This URL is built by appending the current platformPath
to the current url.</Abstract>
			<DeclaredIn>OMCMobileBackend.h</DeclaredIn>
			
			<Declaration>@property (readonly) NSURL *platformURL</Declaration>
			
			
			<Anchor>//api/name/platformURL</Anchor>
            <NodeRef refid="10"/>
		</Token>
		
		<Token>
			<TokenIdentifier>//apple_ref/occ/instm/OMCMobileBackend/setAppConfigPath:</TokenIdentifier>
			<Abstract type="html">The mobile backend&apos;s application configuration path, which is appended to the platformURL to
form the appConfigURL. The default application configuration path is OMCMobileBackendAppConfigPathDefault.</Abstract>
			<DeclaredIn>OMCMobileBackend.h</DeclaredIn>
			
			<Declaration>@property (copy) NSString *appConfigPath</Declaration>
			
			
			<Anchor>//api/name/appConfigPath</Anchor>
            <NodeRef refid="10"/>
		</Token>
		
		<Token>
			<TokenIdentifier>//apple_ref/occ/instm/OMCMobileBackend/appConfigPath</TokenIdentifier>
			<Abstract type="html">The mobile backend&apos;s application configuration path, which is appended to the platformURL to
form the appConfigURL. The default application configuration path is OMCMobileBackendAppConfigPathDefault.</Abstract>
			<DeclaredIn>OMCMobileBackend.h</DeclaredIn>
			
			<Declaration>@property (copy) NSString *appConfigPath</Declaration>
			
			
			<Anchor>//api/name/appConfigPath</Anchor>
            <NodeRef refid="10"/>
		</Token>
		
		<Token>
			<TokenIdentifier>//apple_ref/occ/instp/OMCMobileBackend/appConfigPath</TokenIdentifier>
			<Abstract type="html">The mobile backend&apos;s application configuration path, which is appended to the platformURL to
form the appConfigURL. The default application configuration path is OMCMobileBackendAppConfigPathDefault.</Abstract>
			<DeclaredIn>OMCMobileBackend.h</DeclaredIn>
			
			<Declaration>@property (copy) NSString *appConfigPath</Declaration>
			
			
			<Anchor>//api/name/appConfigPath</Anchor>
            <NodeRef refid="10"/>
		</Token>
		
		<Token>
			<TokenIdentifier>//apple_ref/occ/instm/OMCMobileBackend/setAppConfigURL:</TokenIdentifier>
			<Abstract type="html">The mobile backend&apos;s application configuration URL, upon which requests such as HTTP URLs are
built. This URL is built by appending the current appConfigPath
to the current platformURL.</Abstract>
			<DeclaredIn>OMCMobileBackend.h</DeclaredIn>
			
			<Declaration>@property (readonly) NSURL *appConfigURL</Declaration>
			
			
			<Anchor>//api/name/appConfigURL</Anchor>
            <NodeRef refid="10"/>
		</Token>
		
		<Token>
			<TokenIdentifier>//apple_ref/occ/instm/OMCMobileBackend/appConfigURL</TokenIdentifier>
			<Abstract type="html">The mobile backend&apos;s application configuration URL, upon which requests such as HTTP URLs are
built. This URL is built by appending the current appConfigPath
to the current platformURL.</Abstract>
			<DeclaredIn>OMCMobileBackend.h</DeclaredIn>
			
			<Declaration>@property (readonly) NSURL *appConfigURL</Declaration>
			
			
			<Anchor>//api/name/appConfigURL</Anchor>
            <NodeRef refid="10"/>
		</Token>
		
		<Token>
			<TokenIdentifier>//apple_ref/occ/instp/OMCMobileBackend/appConfigURL</TokenIdentifier>
			<Abstract type="html">The mobile backend&apos;s application configuration URL, upon which requests such as HTTP URLs are
built. This URL is built by appending the current appConfigPath
to the current platformURL.</Abstract>
			<DeclaredIn>OMCMobileBackend.h</DeclaredIn>
			
			<Declaration>@property (readonly) NSURL *appConfigURL</Declaration>
			
			
			<Anchor>//api/name/appConfigURL</Anchor>
            <NodeRef refid="10"/>
		</Token>
		
		<Token>
			<TokenIdentifier>//apple_ref/occ/instm/OMCMobileBackend/setCustomCodePath:</TokenIdentifier>
			<Abstract type="html">The mobile backend&apos;s custom code path, which is appended to the url to
form the customCodeURL. The default custom code path is OMCMobileBackendCustomCodePathDefault.</Abstract>
			<DeclaredIn>OMCMobileBackend.h</DeclaredIn>
			
			<Declaration>@property (copy) NSString *customCodePath</Declaration>
			
			
			<Anchor>//api/name/customCodePath</Anchor>
            <NodeRef refid="10"/>
		</Token>
		
		<Token>
			<TokenIdentifier>//apple_ref/occ/instm/OMCMobileBackend/customCodePath</TokenIdentifier>
			<Abstract type="html">The mobile backend&apos;s custom code path, which is appended to the url to
form the customCodeURL. The default custom code path is OMCMobileBackendCustomCodePathDefault.</Abstract>
			<DeclaredIn>OMCMobileBackend.h</DeclaredIn>
			
			<Declaration>@property (copy) NSString *customCodePath</Declaration>
			
			
			<Anchor>//api/name/customCodePath</Anchor>
            <NodeRef refid="10"/>
		</Token>
		
		<Token>
			<TokenIdentifier>//apple_ref/occ/instp/OMCMobileBackend/customCodePath</TokenIdentifier>
			<Abstract type="html">The mobile backend&apos;s custom code path, which is appended to the url to
form the customCodeURL. The default custom code path is OMCMobileBackendCustomCodePathDefault.</Abstract>
			<DeclaredIn>OMCMobileBackend.h</DeclaredIn>
			
			<Declaration>@property (copy) NSString *customCodePath</Declaration>
			
			
			<Anchor>//api/name/customCodePath</Anchor>
            <NodeRef refid="10"/>
		</Token>
		
		<Token>
			<TokenIdentifier>//apple_ref/occ/instm/OMCMobileBackend/setCustomCodeURL:</TokenIdentifier>
			<Abstract type="html">The mobile backend&apos;s custom code URL, upon which requests such as HTTP URLs are
built. This URL is built by appending the current customCodePath
to the current url.</Abstract>
			<DeclaredIn>OMCMobileBackend.h</DeclaredIn>
			
			<Declaration>@property (readonly) NSURL *customCodeURL</Declaration>
			
			
			<Anchor>//api/name/customCodeURL</Anchor>
            <NodeRef refid="10"/>
		</Token>
		
		<Token>
			<TokenIdentifier>//apple_ref/occ/instm/OMCMobileBackend/customCodeURL</TokenIdentifier>
			<Abstract type="html">The mobile backend&apos;s custom code URL, upon which requests such as HTTP URLs are
built. This URL is built by appending the current customCodePath
to the current url.</Abstract>
			<DeclaredIn>OMCMobileBackend.h</DeclaredIn>
			
			<Declaration>@property (readonly) NSURL *customCodeURL</Declaration>
			
			
			<Anchor>//api/name/customCodeURL</Anchor>
            <NodeRef refid="10"/>
		</Token>
		
		<Token>
			<TokenIdentifier>//apple_ref/occ/instp/OMCMobileBackend/customCodeURL</TokenIdentifier>
			<Abstract type="html">The mobile backend&apos;s custom code URL, upon which requests such as HTTP URLs are
built. This URL is built by appending the current customCodePath
to the current url.</Abstract>
			<DeclaredIn>OMCMobileBackend.h</DeclaredIn>
			
			<Declaration>@property (readonly) NSURL *customCodeURL</Declaration>
			
			
			<Anchor>//api/name/customCodeURL</Anchor>
            <NodeRef refid="10"/>
		</Token>
		
		<Token>
			<TokenIdentifier>//apple_ref/occ/instm/OMCMobileBackend/setDiagnostics:</TokenIdentifier>
			<Abstract type="html">The mobile backend&apos;s diagnostics.</Abstract>
			<DeclaredIn>OMCMobileBackend.h</DeclaredIn>
			
			<Declaration>@property (readonly, nonatomic) OMCDiagnostics *diagnostics</Declaration>
			
			
			<Anchor>//api/name/diagnostics</Anchor>
            <NodeRef refid="10"/>
		</Token>
		
		<Token>
			<TokenIdentifier>//apple_ref/occ/instm/OMCMobileBackend/diagnostics</TokenIdentifier>
			<Abstract type="html">The mobile backend&apos;s diagnostics.</Abstract>
			<DeclaredIn>OMCMobileBackend.h</DeclaredIn>
			
			<Declaration>@property (readonly, nonatomic) OMCDiagnostics *diagnostics</Declaration>
			
			
			<Anchor>//api/name/diagnostics</Anchor>
            <NodeRef refid="10"/>
		</Token>
		
		<Token>
			<TokenIdentifier>//apple_ref/occ/instp/OMCMobileBackend/diagnostics</TokenIdentifier>
			<Abstract type="html">The mobile backend&apos;s diagnostics.</Abstract>
			<DeclaredIn>OMCMobileBackend.h</DeclaredIn>
			
			<Declaration>@property (readonly, nonatomic) OMCDiagnostics *diagnostics</Declaration>
			
			
			<Anchor>//api/name/diagnostics</Anchor>
            <NodeRef refid="10"/>
		</Token>
		
		<Token>
			<TokenIdentifier>//apple_ref/occ/instm/OMCMobileBackend/setAuthorization:</TokenIdentifier>
			<Abstract type="html">The mobile backend&apos;s authorization.</Abstract>
			<DeclaredIn>OMCMobileBackend.h</DeclaredIn>
			
			<Declaration>@property (readonly, nonatomic) OMCAuthorization *authorization</Declaration>
			
			
			<Anchor>//api/name/authorization</Anchor>
            <NodeRef refid="10"/>
		</Token>
		
		<Token>
			<TokenIdentifier>//apple_ref/occ/instm/OMCMobileBackend/authorization</TokenIdentifier>
			<Abstract type="html">The mobile backend&apos;s authorization.</Abstract>
			<DeclaredIn>OMCMobileBackend.h</DeclaredIn>
			
			<Declaration>@property (readonly, nonatomic) OMCAuthorization *authorization</Declaration>
			
			
			<Anchor>//api/name/authorization</Anchor>
            <NodeRef refid="10"/>
		</Token>
		
		<Token>
			<TokenIdentifier>//apple_ref/occ/instp/OMCMobileBackend/authorization</TokenIdentifier>
			<Abstract type="html">The mobile backend&apos;s authorization.</Abstract>
			<DeclaredIn>OMCMobileBackend.h</DeclaredIn>
			
			<Declaration>@property (readonly, nonatomic) OMCAuthorization *authorization</Declaration>
			
			
			<Anchor>//api/name/authorization</Anchor>
            <NodeRef refid="10"/>
		</Token>
		
		<Token>
			<TokenIdentifier>//apple_ref/occ/instm/OMCMobileBackend/setProperties:</TokenIdentifier>
			<Abstract type="html">The mobile backend&apos;s properties, as specified by the OMC property list file
(OMC.plist).</Abstract>
			<DeclaredIn>OMCMobileBackend.h</DeclaredIn>
			
			<Declaration>@property (readonly, nonatomic) NSDictionary *properties</Declaration>
			
			
			<Anchor>//api/name/properties</Anchor>
            <NodeRef refid="10"/>
		</Token>
		
		<Token>
			<TokenIdentifier>//apple_ref/occ/instm/OMCMobileBackend/properties</TokenIdentifier>
			<Abstract type="html">The mobile backend&apos;s properties, as specified by the OMC property list file
(OMC.plist).</Abstract>
			<DeclaredIn>OMCMobileBackend.h</DeclaredIn>
			
			<Declaration>@property (readonly, nonatomic) NSDictionary *properties</Declaration>
			
			
			<Anchor>//api/name/properties</Anchor>
            <NodeRef refid="10"/>
		</Token>
		
		<Token>
			<TokenIdentifier>//apple_ref/occ/instp/OMCMobileBackend/properties</TokenIdentifier>
			<Abstract type="html">The mobile backend&apos;s properties, as specified by the OMC property list file
(OMC.plist).</Abstract>
			<DeclaredIn>OMCMobileBackend.h</DeclaredIn>
			
			<Declaration>@property (readonly, nonatomic) NSDictionary *properties</Declaration>
			
			
			<Anchor>//api/name/properties</Anchor>
            <NodeRef refid="10"/>
		</Token>
		
		<Token>
			<TokenIdentifier>//apple_ref/occ/instm/OMCMobileBackend/serviceProxyForClass:</TokenIdentifier>
			<Abstract type="html">Returns the receiver&apos;s instance of the specified service proxy, if present.
If the specified service proxy is not present, creates it via reflection and
returns the new instance.</Abstract>
			<DeclaredIn>OMCMobileBackend.h</DeclaredIn>
			
			<Declaration>- (OMCServiceProxy *)serviceProxyForClass:(Class)serviceProxyClass</Declaration>
			<Parameters>
				<Parameter>
					<Name>serviceProxyClass</Name>
					<Abstract type="html">The type of service proxy.</Abstract>
				</Parameter>
			</Parameters>
			
			<Anchor>//api/name/serviceProxyForClass:</Anchor>
            <NodeRef refid="10"/>
		</Token>
		
		<Token>
			<TokenIdentifier>//apple_ref/occ/instm/OMCMobileBackend/removeServiceProxy:</TokenIdentifier>
			<Abstract type="html">Removes the specified service proxy from the receiver.</Abstract>
			<DeclaredIn>OMCMobileBackend.h</DeclaredIn>
			
			<Declaration>- (void)removeServiceProxy:(OMCServiceProxy *)serviceProxy</Declaration>
			<Parameters>
				<Parameter>
					<Name>serviceProxy</Name>
					<Abstract type="html">The service proxy.</Abstract>
				</Parameter>
			</Parameters>
			
			<Anchor>//api/name/removeServiceProxy:</Anchor>
            <NodeRef refid="10"/>
		</Token>
		
		<Token>
			<TokenIdentifier>//apple_ref/occ/instm/OMCMobileBackend/removeServiceProxyForClass:</TokenIdentifier>
			<Abstract type="html">Removes the receiver&apos;s instance of the specified service proxy.</Abstract>
			<DeclaredIn>OMCMobileBackend.h</DeclaredIn>
			
			<Declaration>- (void)removeServiceProxyForClass:(Class)serviceProxyClass</Declaration>
			<Parameters>
				<Parameter>
					<Name>serviceProxyClass</Name>
					<Abstract type="html">The type of service proxy.</Abstract>
				</Parameter>
			</Parameters>
			
			<Anchor>//api/name/removeServiceProxyForClass:</Anchor>
            <NodeRef refid="10"/>
		</Token>
		
		<Token>
			<TokenIdentifier>//apple_ref/occ/instm/OMCMobileBackend/appConfigWithCompletionHandler:</TokenIdentifier>
			<Abstract type="html">Loads the receiver&apos;s application configuration asynchronously.</Abstract>
			<DeclaredIn>OMCMobileBackend.h</DeclaredIn>
			
			<Declaration>- (void)appConfigWithCompletionHandler:(OMCAppConfigCompletionBlock)completionHandler</Declaration>
			<Parameters>
				<Parameter>
					<Name>completionHandler</Name>
					<Abstract type="html">The completion block invoked when the application configuration
is loaded or an error occurs.</Abstract>
				</Parameter>
			</Parameters>
			
			<Anchor>//api/name/appConfigWithCompletionHandler:</Anchor>
            <NodeRef refid="10"/>
		</Token>
		
		<Token>
			<TokenIdentifier>//apple_ref/occ/instm/OMCMobileBackend/urlRequestWithPath:</TokenIdentifier>
			<Abstract type="html">Returns a URL request configured with a URL with the specified path,
relative to the mobile backend&apos;s URL.</Abstract>
			<DeclaredIn>OMCMobileBackend.h</DeclaredIn>
			
	<RelatedTokens>
		<TokenIdentifier>//apple_ref/occ/instp/OMCMobileBackend/url</TokenIdentifier>
		<TokenIdentifier>//apple_ref/occ/instm/OMCMobileBackend/urlRequestWithPath:completionHandler:</TokenIdentifier>
		
	</RelatedTokens>
	
			<Declaration>- (NSMutableURLRequest *)urlRequestWithPath:(NSString *)relativePath</Declaration>
			<Parameters>
				<Parameter>
					<Name>relativePath</Name>
					<Abstract type="html">The return request&apos;s URL path, relative to the mobile backend&apos;s URL.</Abstract>
				</Parameter>
			</Parameters>
			
			<Anchor>//api/name/urlRequestWithPath:</Anchor>
            <NodeRef refid="10"/>
		</Token>
		
		<Token>
			<TokenIdentifier>//apple_ref/occ/instm/OMCMobileBackend/urlRequestWithPath:completionHandler:</TokenIdentifier>
			<Abstract type="html">Builds a URL request configured with a URL with the specified path,
relative to the mobile backend&apos;s URL.</Abstract>
			<DeclaredIn>OMCMobileBackend.h</DeclaredIn>
			
	<RelatedTokens>
		<TokenIdentifier>//apple_ref/occ/instm/OMCMobileBackend/urlRequestWithPath:</TokenIdentifier>
		
	</RelatedTokens>
	
			<Declaration>- (void)urlRequestWithPath:(NSString *)relativePath completionHandler:(OMCURLRequestCompletionBlock)completionHandler</Declaration>
			<Parameters>
				<Parameter>
					<Name>relativePath</Name>
					<Abstract type="html">The return request&apos;s URL path, relative to the mobile backend&apos;s URL.</Abstract>
				</Parameter><Parameter>
					<Name>completionHandler</Name>
					<Abstract type="html">The completion block invoked when the URL request
is built or an error occurs.</Abstract>
				</Parameter>
			</Parameters>
			
			<Anchor>//api/name/urlRequestWithPath:completionHandler:</Anchor>
            <NodeRef refid="10"/>
		</Token>
		
		<Token>
			<TokenIdentifier>//apple_ref/occ/instm/OMCMobileBackend/platformURLRequestWithPath:</TokenIdentifier>
			<Abstract type="html">Returns a URL request configured with a URL with the specified path,
relative to the mobile backend&apos;s platform URL.</Abstract>
			<DeclaredIn>OMCMobileBackend.h</DeclaredIn>
			
	<RelatedTokens>
		<TokenIdentifier>//apple_ref/occ/instp/OMCMobileBackend/platformURL</TokenIdentifier>
		<TokenIdentifier>//apple_ref/occ/instm/OMCMobileBackend/platformURLRequestWithPath:completionHandler:</TokenIdentifier>
		
	</RelatedTokens>
	
			<Declaration>- (NSMutableURLRequest *)platformURLRequestWithPath:(NSString *)relativePath</Declaration>
			<Parameters>
				<Parameter>
					<Name>relativePath</Name>
					<Abstract type="html">The return request&apos;s URL path, relative to the mobile backend&apos;s platform URL.</Abstract>
				</Parameter>
			</Parameters>
			
			<Anchor>//api/name/platformURLRequestWithPath:</Anchor>
            <NodeRef refid="10"/>
		</Token>
		
		<Token>
			<TokenIdentifier>//apple_ref/occ/instm/OMCMobileBackend/platformURLRequestWithPath:completionHandler:</TokenIdentifier>
			<Abstract type="html">Builds a URL request configured with a URL with the specified path,
relative to the mobile backend&apos;s platform URL.</Abstract>
			<DeclaredIn>OMCMobileBackend.h</DeclaredIn>
			
	<RelatedTokens>
		<TokenIdentifier>//apple_ref/occ/instm/OMCMobileBackend/platformURLRequestWithPath:</TokenIdentifier>
		
	</RelatedTokens>
	
			<Declaration>- (void)platformURLRequestWithPath:(NSString *)relativePath completionHandler:(OMCURLRequestCompletionBlock)completionHandler</Declaration>
			<Parameters>
				<Parameter>
					<Name>relativePath</Name>
					<Abstract type="html">The return request&apos;s URL path, relative to the mobile backend&apos;s platform URL.</Abstract>
				</Parameter><Parameter>
					<Name>completionHandler</Name>
					<Abstract type="html">The completion block invoked when the URL request
is built or an error occurs.</Abstract>
				</Parameter>
			</Parameters>
			
			<Anchor>//api/name/platformURLRequestWithPath:completionHandler:</Anchor>
            <NodeRef refid="10"/>
		</Token>
		
		<Token>
			<TokenIdentifier>//apple_ref/occ/instm/OMCMobileBackend/customCodeURLRequestWithPath:</TokenIdentifier>
			<Abstract type="html">Returns a URL request configured with a URL with the specified path,
relative to the mobile backend&apos;s custom code URL.</Abstract>
			<DeclaredIn>OMCMobileBackend.h</DeclaredIn>
			
	<RelatedTokens>
		<TokenIdentifier>//apple_ref/occ/instp/OMCMobileBackend/customCodeURL</TokenIdentifier>
		<TokenIdentifier>//apple_ref/occ/instm/OMCMobileBackend/customCodeURLRequestWithPath:completionHandler:</TokenIdentifier>
		
	</RelatedTokens>
	
			<Declaration>- (NSMutableURLRequest *)customCodeURLRequestWithPath:(NSString *)relativePath</Declaration>
			<Parameters>
				<Parameter>
					<Name>relativePath</Name>
					<Abstract type="html">The return request&apos;s URL path, relative to the mobile backend&apos;s custom code URL.</Abstract>
				</Parameter>
			</Parameters>
			
			<Anchor>//api/name/customCodeURLRequestWithPath:</Anchor>
            <NodeRef refid="10"/>
		</Token>
		
		<Token>
			<TokenIdentifier>//apple_ref/occ/instm/OMCMobileBackend/customCodeURLRequestWithPath:completionHandler:</TokenIdentifier>
			<Abstract type="html">Builds a URL request configured with a URL with the specified path,
relative to the mobile backend&apos;s custom code URL.</Abstract>
			<DeclaredIn>OMCMobileBackend.h</DeclaredIn>
			
	<RelatedTokens>
		<TokenIdentifier>//apple_ref/occ/instm/OMCMobileBackend/customCodeURLRequestWithPath:</TokenIdentifier>
		
	</RelatedTokens>
	
			<Declaration>- (void)customCodeURLRequestWithPath:(NSString *)relativePath completionHandler:(OMCURLRequestCompletionBlock)completionHandler</Declaration>
			<Parameters>
				<Parameter>
					<Name>relativePath</Name>
					<Abstract type="html">The return request&apos;s URL path, relative to the mobile backend&apos;s custom code URL.</Abstract>
				</Parameter><Parameter>
					<Name>completionHandler</Name>
					<Abstract type="html">The completion block invoked when the URL request
is built or an error occurs.</Abstract>
				</Parameter>
			</Parameters>
			
			<Anchor>//api/name/customCodeURLRequestWithPath:completionHandler:</Anchor>
            <NodeRef refid="10"/>
		</Token>
		
		<Token>
			<TokenIdentifier>//apple_ref/occ/instm/OMCMobileBackend/appConfigURLRequestWithPath:</TokenIdentifier>
			<Abstract type="html">Returns an HTTP URL GET request configured with a URL with the specified path,
relative to the mobile backend&apos;s application configuration URL.</Abstract>
			<DeclaredIn>OMCMobileBackend.h</DeclaredIn>
			
	<RelatedTokens>
		<TokenIdentifier>//apple_ref/occ/instp/OMCMobileBackend/appConfigURL</TokenIdentifier>
		<TokenIdentifier>//apple_ref/occ/instm/OMCMobileBackend/appConfigURLRequestWithPath:completionHandler:</TokenIdentifier>
		
	</RelatedTokens>
	
			<Declaration>- (NSMutableURLRequest *)appConfigURLRequestWithPath:(NSString *)relativePath</Declaration>
			<Parameters>
				<Parameter>
					<Name>relativePath</Name>
					<Abstract type="html">The return request&apos;s URL path, relative to the mobile backend&apos;s application configuration URL.</Abstract>
				</Parameter>
			</Parameters>
			
			<Anchor>//api/name/appConfigURLRequestWithPath:</Anchor>
            <NodeRef refid="10"/>
		</Token>
		
		<Token>
			<TokenIdentifier>//apple_ref/occ/instm/OMCMobileBackend/appConfigURLRequestWithPath:completionHandler:</TokenIdentifier>
			<Abstract type="html">Builds an HTTP URL GET request configured with a URL with the specified path,
relative to the mobile backend&apos;s application configuration URL.</Abstract>
			<DeclaredIn>OMCMobileBackend.h</DeclaredIn>
			
	<RelatedTokens>
		<TokenIdentifier>//apple_ref/occ/instm/OMCMobileBackend/appConfigURLRequestWithPath:</TokenIdentifier>
		
	</RelatedTokens>
	
			<Declaration>- (void)appConfigURLRequestWithPath:(NSString *)relativePath completionHandler:(OMCURLRequestCompletionBlock)completionHandler</Declaration>
			<Parameters>
				<Parameter>
					<Name>relativePath</Name>
					<Abstract type="html">The return request&apos;s URL path, relative to the mobile backend&apos;s application configuration URL.</Abstract>
				</Parameter><Parameter>
					<Name>completionHandler</Name>
					<Abstract type="html">The completion block invoked when the URL request
is built or an error occurs.</Abstract>
				</Parameter>
			</Parameters>
			
			<Anchor>//api/name/appConfigURLRequestWithPath:completionHandler:</Anchor>
            <NodeRef refid="10"/>
		</Token>
		
		<Token>
			<TokenIdentifier>//apple_ref/occ/instm/OMCMobileBackend/setHTTPHeadersOnRequest:</TokenIdentifier>
			<Abstract type="html">Sets the receiver&apos;s HTTP headers on the specified URL request.
The headers will include the application key, authorization settings,
and the diagnostics context state.</Abstract>
			<DeclaredIn>OMCMobileBackend.h</DeclaredIn>
			
	<RelatedTokens>
		<TokenIdentifier>//apple_ref/occ/instm/OMCMobileBackend/setHTTPHeadersOnRequest:completionHandler:</TokenIdentifier>
		
	</RelatedTokens>
	
			<Declaration>- (void)setHTTPHeadersOnRequest:(NSMutableURLRequest *)request</Declaration>
			<Parameters>
				<Parameter>
					<Name>request</Name>
					<Abstract type="html">A URL request.</Abstract>
				</Parameter>
			</Parameters>
			
			<Anchor>//api/name/setHTTPHeadersOnRequest:</Anchor>
            <NodeRef refid="10"/>
		</Token>
		
		<Token>
			<TokenIdentifier>//apple_ref/occ/instm/OMCMobileBackend/addHTTPHeadersToRequest:</TokenIdentifier>
			<Abstract type="html">Adds the receiver&apos;s HTTP headers to the specified URL request.
The headers will include the application key, authorization settings,
and the diagnostics context state.</Abstract>
			<DeclaredIn>OMCMobileBackend.h</DeclaredIn>
			
	<RelatedTokens>
		<TokenIdentifier>//apple_ref/occ/instm/OMCMobileBackend/setHTTPHeadersOnRequest:</TokenIdentifier>
		<TokenIdentifier>//apple_ref/occ/instm/OMCMobileBackend/addHTTPHeadersToRequest:completionHandler:</TokenIdentifier>
		
	</RelatedTokens>
	
			<Declaration>- (void)addHTTPHeadersToRequest:(NSMutableURLRequest *)request</Declaration>
			<Parameters>
				<Parameter>
					<Name>request</Name>
					<Abstract type="html">A URL request.</Abstract>
				</Parameter>
			</Parameters>
			
			<Anchor>//api/name/addHTTPHeadersToRequest:</Anchor>
            <NodeRef refid="10"/>
		</Token>
		
		<Token>
			<TokenIdentifier>//apple_ref/occ/instm/OMCMobileBackend/setHTTPHeadersOnRequest:completionHandler:</TokenIdentifier>
			<Abstract type="html">Sets the receiver&apos;s HTTP headers on the specified URL request.
The headers will include the application key, authorization settings,
and the diagnostics context state.</Abstract>
			<DeclaredIn>OMCMobileBackend.h</DeclaredIn>
			
	<RelatedTokens>
		<TokenIdentifier>//apple_ref/occ/instm/OMCMobileBackend/setHTTPHeadersOnRequest:</TokenIdentifier>
		
	</RelatedTokens>
	
			<Declaration>- (void)setHTTPHeadersOnRequest:(NSMutableURLRequest *)request completionHandler:(OMCErrorCompletionBlock)completionHandler</Declaration>
			<Parameters>
				<Parameter>
					<Name>request</Name>
					<Abstract type="html">A URL request.</Abstract>
				</Parameter><Parameter>
					<Name>completionHandler</Name>
					<Abstract type="html">The completion block invoked once the mobile
backend&apos;s HTTP headers have been added to the URL request
or an error occurs.</Abstract>
				</Parameter>
			</Parameters>
			
			<Anchor>//api/name/setHTTPHeadersOnRequest:completionHandler:</Anchor>
            <NodeRef refid="10"/>
		</Token>
		
		<Token>
			<TokenIdentifier>//apple_ref/occ/instm/OMCMobileBackend/addHTTPHeadersToRequest:completionHandler:</TokenIdentifier>
			<Abstract type="html">Adds the receiver&apos;s HTTP headers to the specified URL request.
The headers will include the application key, authorization settings,
and the diagnostics context state.</Abstract>
			<DeclaredIn>OMCMobileBackend.h</DeclaredIn>
			
	<RelatedTokens>
		<TokenIdentifier>//apple_ref/occ/instm/OMCMobileBackend/setHTTPHeadersOnRequest:completionHandler:</TokenIdentifier>
		<TokenIdentifier>//apple_ref/occ/instm/OMCMobileBackend/addHTTPHeadersToRequest:</TokenIdentifier>
		
	</RelatedTokens>
	
			<Declaration>- (void)addHTTPHeadersToRequest:(NSMutableURLRequest *)request completionHandler:(OMCErrorCompletionBlock)completionHandler</Declaration>
			<Parameters>
				<Parameter>
					<Name>request</Name>
					<Abstract type="html">A URL request.</Abstract>
				</Parameter><Parameter>
					<Name>completionHandler</Name>
					<Abstract type="html">The completion block invoked once the mobile
backend&apos;s HTTP headers have been added to the URL request
or an error occurs.</Abstract>
				</Parameter>
			</Parameters>
			
			<Anchor>//api/name/addHTTPHeadersToRequest:completionHandler:</Anchor>
            <NodeRef refid="10"/>
		</Token>
		
		<Token>
			<TokenIdentifier>//apple_ref/occ/instm/OMCMobileBackend/storage</TokenIdentifier>
			<Abstract type="html">Returns the receiver&apos;s storage service.</Abstract>
			<DeclaredIn>OMCMobileBackend+OMC_Storage.h</DeclaredIn>
			
			<Declaration>- (OMCStorage *)storage</Declaration>
			
			
			<Anchor>//api/name/storage</Anchor>
            <NodeRef refid="10"/>
		</Token>
		
		<Token>
			<TokenIdentifier>//apple_ref/occ/instm/OMCMobileBackend/removeStorage</TokenIdentifier>
			<Abstract type="html">Removes the receiver&apos;s storage service.</Abstract>
			<DeclaredIn>OMCMobileBackend+OMC_Storage.h</DeclaredIn>
			
			<Declaration>- (void)removeStorage</Declaration>
			
			
			<Anchor>//api/name/removeStorage</Anchor>
            <NodeRef refid="10"/>
		</Token>
		
		<Token>
			<TokenIdentifier>//apple_ref/occ/instm/OMCMobileBackend/synchronization</TokenIdentifier>
			<Abstract type="html">Returns the receiver&apos;s synchronization service.</Abstract>
			<DeclaredIn>OMCMobileBackend+OMC_Synchronization.h</DeclaredIn>
			
			<Declaration>- (OMCSynchronization *)synchronization</Declaration>
			
			
			<Anchor>//api/name/synchronization</Anchor>
            <NodeRef refid="10"/>
		</Token>
		
		<Token>
			<TokenIdentifier>//apple_ref/occ/instm/OMCMobileBackend/removeSynchronization</TokenIdentifier>
			<Abstract type="html">Removes the receiver&apos;s synchronization service.</Abstract>
			<DeclaredIn>OMCMobileBackend+OMC_Synchronization.h</DeclaredIn>
			
			<Declaration>- (void)removeSynchronization</Declaration>
			
			
			<Anchor>//api/name/removeSynchronization</Anchor>
            <NodeRef refid="10"/>
		</Token>
		
		<Token>
			<TokenIdentifier>//apple_ref/occ/instm/OMCMobileBackend/analytics</TokenIdentifier>
			<Abstract type="html">Returns the receiver&apos;s analytics service.</Abstract>
			<DeclaredIn>OMCMobileBackend+OMC_Analytics.h</DeclaredIn>
			
			<Declaration>- (OMCAnalytics *)analytics</Declaration>
			
			
			<Anchor>//api/name/analytics</Anchor>
            <NodeRef refid="10"/>
		</Token>
		
		<Token>
			<TokenIdentifier>//apple_ref/occ/instm/OMCMobileBackend/removeAnalytics</TokenIdentifier>
			<Abstract type="html">Removes the receiver&apos;s analytics service.</Abstract>
			<DeclaredIn>OMCMobileBackend+OMC_Analytics.h</DeclaredIn>
			
			<Declaration>- (void)removeAnalytics</Declaration>
			
			
			<Anchor>//api/name/removeAnalytics</Anchor>
            <NodeRef refid="10"/>
		</Token>
		
		<Token>
			<TokenIdentifier>//apple_ref/occ/instm/OMCMobileBackend/notifications</TokenIdentifier>
			<Abstract type="html">Returns the receiver&apos;s notifications service.</Abstract>
			<DeclaredIn>OMCMobileBackend+OMC_Notifications.h</DeclaredIn>
			
			<Declaration>- (OMCNotifications *)notifications</Declaration>
			
			
			<Anchor>//api/name/notifications</Anchor>
            <NodeRef refid="10"/>
		</Token>
		
		<Token>
			<TokenIdentifier>//apple_ref/occ/instm/OMCMobileBackend/removeNotifications</TokenIdentifier>
			<Abstract type="html">Removes the receiver&apos;s notifications service.</Abstract>
			<DeclaredIn>OMCMobileBackend+OMC_Notifications.h</DeclaredIn>
			
			<Declaration>- (void)removeNotifications</Declaration>
			
			
			<Anchor>//api/name/removeNotifications</Anchor>
            <NodeRef refid="10"/>
		</Token>
		
        
        
	</File>
</Tokens>