<?xml version="1.0" encoding="UTF-8"?>
<Tokens version="1.0">
	<File path="Classes/OMCNotifications.html">
		
		<Token>
			<TokenIdentifier>//apple_ref/occ/cl/OMCNotifications</TokenIdentifier>
			<Abstract type="html">This class is used to both register for and send push notifications.</Abstract>
			<DeclaredIn>OMCNotifications.h</DeclaredIn>
            
			
			<NodeRef refid="17"/>
		</Token>
		
		
		<Token>
			<TokenIdentifier>//apple_ref/occ/instm/OMCNotifications/registerForNotifications:onSuccess:onError:</TokenIdentifier>
			<Abstract type="html">Registers the device token.</Abstract>
			<DeclaredIn>OMCNotifications.h</DeclaredIn>
			
			<Declaration>- (void)registerForNotifications:(NSData *)deviceToken onSuccess:(OMC_Notifications_SuccessBlock)successCallback onError:(OMC_Notifications_ErrorBlock)errorCallback</Declaration>
			<Parameters>
				<Parameter>
					<Name>deviceToken</Name>
					<Abstract type="html">Device token of iOS device.</Abstract>
				</Parameter><Parameter>
					<Name>successCallback</Name>
					<Abstract type="html">(optional) The block to be called on success.</Abstract>
				</Parameter><Parameter>
					<Name>errorCallback</Name>
					<Abstract type="html">(optional) The block to be called on error.</Abstract>
				</Parameter>
			</Parameters>
			
			<Anchor>//api/name/registerForNotifications:onSuccess:onError:</Anchor>
            <NodeRef refid="17"/>
		</Token>
		
		<Token>
			<TokenIdentifier>//apple_ref/occ/instm/OMCNotifications/deregisterForNotifications:onSuccess:onError:</TokenIdentifier>
			<Abstract type="html">De-registers the device token.</Abstract>
			<DeclaredIn>OMCNotifications.h</DeclaredIn>
			
			<Declaration>- (void)deregisterForNotifications:(NSData *)deviceToken onSuccess:(OMC_Notifications_SuccessBlock)successCallback onError:(OMC_Notifications_ErrorBlock)errorCallback</Declaration>
			<Parameters>
				<Parameter>
					<Name>deviceToken</Name>
					<Abstract type="html">Device token of iOS device.</Abstract>
				</Parameter><Parameter>
					<Name>successCallback</Name>
					<Abstract type="html">(optional) The block to be called on success.</Abstract>
				</Parameter><Parameter>
					<Name>errorCallback</Name>
					<Abstract type="html">(optional) The block to be called on error.</Abstract>
				</Parameter>
			</Parameters>
			
			<Anchor>//api/name/deregisterForNotifications:onSuccess:onError:</Anchor>
            <NodeRef refid="17"/>
		</Token>
		
        
        
	</File>
</Tokens>