<?xml version="1.0" encoding="UTF-8"?>
<Tokens version="1.0">
	<File path="Classes/OMCDiagnostics.html">
		
		<Token>
			<TokenIdentifier>//apple_ref/occ/cl/OMCDiagnostics</TokenIdentifier>
			<Abstract type="html">The Diagnostics interface is responsible for adding the appropriate HTTP headers
to any MCS URL request.</Abstract>
			<DeclaredIn>OMCDiagnostics.h</DeclaredIn>
            
			
			<NodeRef refid="6"/>
		</Token>
		
		
		<Token>
			<TokenIdentifier>//apple_ref/occ/instm/OMCDiagnostics/setMobileBackend:</TokenIdentifier>
			<Abstract type="html">The mobile backend that is being tracked.</Abstract>
			<DeclaredIn>OMCDiagnostics.h</DeclaredIn>
			
			<Declaration>@property (readonly, nonatomic, weak) OMCMobileBackend *mobileBackend</Declaration>
			
			
			<Anchor>//api/name/mobileBackend</Anchor>
            <NodeRef refid="6"/>
		</Token>
		
		<Token>
			<TokenIdentifier>//apple_ref/occ/instm/OMCDiagnostics/mobileBackend</TokenIdentifier>
			<Abstract type="html">The mobile backend that is being tracked.</Abstract>
			<DeclaredIn>OMCDiagnostics.h</DeclaredIn>
			
			<Declaration>@property (readonly, nonatomic, weak) OMCMobileBackend *mobileBackend</Declaration>
			
			
			<Anchor>//api/name/mobileBackend</Anchor>
            <NodeRef refid="6"/>
		</Token>
		
		<Token>
			<TokenIdentifier>//apple_ref/occ/instp/OMCDiagnostics/mobileBackend</TokenIdentifier>
			<Abstract type="html">The mobile backend that is being tracked.</Abstract>
			<DeclaredIn>OMCDiagnostics.h</DeclaredIn>
			
			<Declaration>@property (readonly, nonatomic, weak) OMCMobileBackend *mobileBackend</Declaration>
			
			
			<Anchor>//api/name/mobileBackend</Anchor>
            <NodeRef refid="6"/>
		</Token>
		
		<Token>
			<TokenIdentifier>//apple_ref/occ/instm/OMCDiagnostics/setDeviceID:</TokenIdentifier>
			<Abstract type="html">The device ID HTTP header value.
Uses the value returned by [UIDevice identifierForVendor].</Abstract>
			<DeclaredIn>OMCDiagnostics.h</DeclaredIn>
			
			<Declaration>@property (readonly, nonatomic) NSString *deviceID</Declaration>
			
			
			<Anchor>//api/name/deviceID</Anchor>
            <NodeRef refid="6"/>
		</Token>
		
		<Token>
			<TokenIdentifier>//apple_ref/occ/instm/OMCDiagnostics/deviceID</TokenIdentifier>
			<Abstract type="html">The device ID HTTP header value.
Uses the value returned by [UIDevice identifierForVendor].</Abstract>
			<DeclaredIn>OMCDiagnostics.h</DeclaredIn>
			
			<Declaration>@property (readonly, nonatomic) NSString *deviceID</Declaration>
			
			
			<Anchor>//api/name/deviceID</Anchor>
            <NodeRef refid="6"/>
		</Token>
		
		<Token>
			<TokenIdentifier>//apple_ref/occ/instp/OMCDiagnostics/deviceID</TokenIdentifier>
			<Abstract type="html">The device ID HTTP header value.
Uses the value returned by [UIDevice identifierForVendor].</Abstract>
			<DeclaredIn>OMCDiagnostics.h</DeclaredIn>
			
			<Declaration>@property (readonly, nonatomic) NSString *deviceID</Declaration>
			
			
			<Anchor>//api/name/deviceID</Anchor>
            <NodeRef refid="6"/>
		</Token>
		
		<Token>
			<TokenIdentifier>//apple_ref/occ/instm/OMCDiagnostics/setSessionID:</TokenIdentifier>
			<Abstract type="html">The session ID HTTP header value.
Uses the value returned by getpid().</Abstract>
			<DeclaredIn>OMCDiagnostics.h</DeclaredIn>
			
			<Declaration>@property (readonly, nonatomic) NSString *sessionID</Declaration>
			
			
			<Anchor>//api/name/sessionID</Anchor>
            <NodeRef refid="6"/>
		</Token>
		
		<Token>
			<TokenIdentifier>//apple_ref/occ/instm/OMCDiagnostics/sessionID</TokenIdentifier>
			<Abstract type="html">The session ID HTTP header value.
Uses the value returned by getpid().</Abstract>
			<DeclaredIn>OMCDiagnostics.h</DeclaredIn>
			
			<Declaration>@property (readonly, nonatomic) NSString *sessionID</Declaration>
			
			
			<Anchor>//api/name/sessionID</Anchor>
            <NodeRef refid="6"/>
		</Token>
		
		<Token>
			<TokenIdentifier>//apple_ref/occ/instp/OMCDiagnostics/sessionID</TokenIdentifier>
			<Abstract type="html">The session ID HTTP header value.
Uses the value returned by getpid().</Abstract>
			<DeclaredIn>OMCDiagnostics.h</DeclaredIn>
			
			<Declaration>@property (readonly, nonatomic) NSString *sessionID</Declaration>
			
			
			<Anchor>//api/name/sessionID</Anchor>
            <NodeRef refid="6"/>
		</Token>
		
		<Token>
			<TokenIdentifier>//apple_ref/occ/instm/OMCDiagnostics/setRequestTimestamp:</TokenIdentifier>
			<Abstract type="html">The request timestamp HTTP header value.
Uses the value returned by [NSDate date].</Abstract>
			<DeclaredIn>OMCDiagnostics.h</DeclaredIn>
			
			<Declaration>@property (readonly, nonatomic) NSString *requestTimestamp</Declaration>
			
			
			<Anchor>//api/name/requestTimestamp</Anchor>
            <NodeRef refid="6"/>
		</Token>
		
		<Token>
			<TokenIdentifier>//apple_ref/occ/instm/OMCDiagnostics/requestTimestamp</TokenIdentifier>
			<Abstract type="html">The request timestamp HTTP header value.
Uses the value returned by [NSDate date].</Abstract>
			<DeclaredIn>OMCDiagnostics.h</DeclaredIn>
			
			<Declaration>@property (readonly, nonatomic) NSString *requestTimestamp</Declaration>
			
			
			<Anchor>//api/name/requestTimestamp</Anchor>
            <NodeRef refid="6"/>
		</Token>
		
		<Token>
			<TokenIdentifier>//apple_ref/occ/instp/OMCDiagnostics/requestTimestamp</TokenIdentifier>
			<Abstract type="html">The request timestamp HTTP header value.
Uses the value returned by [NSDate date].</Abstract>
			<DeclaredIn>OMCDiagnostics.h</DeclaredIn>
			
			<Declaration>@property (readonly, nonatomic) NSString *requestTimestamp</Declaration>
			
			
			<Anchor>//api/name/requestTimestamp</Anchor>
            <NodeRef refid="6"/>
		</Token>
		
		<Token>
			<TokenIdentifier>//apple_ref/occ/instm/OMCDiagnostics/setHTTPHeadersOnRequest:</TokenIdentifier>
			<Abstract type="html">Sets all the required MCS Diagnostics headers on the specified URL request.</Abstract>
			<DeclaredIn>OMCDiagnostics.h</DeclaredIn>
			
	<RelatedTokens>
		<TokenIdentifier>//apple_ref/occ/instm/OMCMobileBackend/setHTTPHeadersOnRequest:</TokenIdentifier>
		
	</RelatedTokens>
	
			<Declaration>- (void)setHTTPHeadersOnRequest:(NSMutableURLRequest *)request</Declaration>
			<Parameters>
				<Parameter>
					<Name>request</Name>
					<Abstract type="html">The URL request.</Abstract>
				</Parameter>
			</Parameters>
			
			<Anchor>//api/name/setHTTPHeadersOnRequest:</Anchor>
            <NodeRef refid="6"/>
		</Token>
		
		<Token>
			<TokenIdentifier>//apple_ref/occ/instm/OMCDiagnostics/addHTTPHeadersToRequest:</TokenIdentifier>
			<Abstract type="html">Adds all the required MCS Diagnostics headers to the specified URL request.</Abstract>
			<DeclaredIn>OMCDiagnostics.h</DeclaredIn>
			
	<RelatedTokens>
		<TokenIdentifier>//apple_ref/occ/instm/OMCDiagnostics/setHTTPHeadersOnRequest:</TokenIdentifier>
		<TokenIdentifier>//apple_ref/occ/instm/OMCMobileBackend/addHTTPHeadersToRequest:</TokenIdentifier>
		
	</RelatedTokens>
	
			<Declaration>- (void)addHTTPHeadersToRequest:(NSMutableURLRequest *)request</Declaration>
			<Parameters>
				<Parameter>
					<Name>request</Name>
					<Abstract type="html">The URL request.</Abstract>
				</Parameter>
			</Parameters>
			
			<Anchor>//api/name/addHTTPHeadersToRequest:</Anchor>
            <NodeRef refid="6"/>
		</Token>
		
		<Token>
			<TokenIdentifier>//apple_ref/occ/instm/OMCDiagnostics/setTimestampOnRequest:</TokenIdentifier>
			<Abstract type="html">Sets the MCS Diagnostics timestamp on the specified URL request.</Abstract>
			<DeclaredIn>OMCDiagnostics.h</DeclaredIn>
			
	<RelatedTokens>
		<TokenIdentifier>//apple_ref/occ/instm/OMCMobileBackend/setHTTPHeadersOnRequest:</TokenIdentifier>
		
	</RelatedTokens>
	
			<Declaration>- (void)setTimestampOnRequest:(NSMutableURLRequest *)request</Declaration>
			<Parameters>
				<Parameter>
					<Name>request</Name>
					<Abstract type="html">The URL request.</Abstract>
				</Parameter>
			</Parameters>
			
			<Anchor>//api/name/setTimestampOnRequest:</Anchor>
            <NodeRef refid="6"/>
		</Token>
		
        
        
	</File>
</Tokens>