<?xml version="1.0" encoding="UTF-8"?>
<Tokens version="1.0">
	<File path="Classes/OMCSynchronization.html">
		
		<Token>
			<TokenIdentifier>//apple_ref/occ/cl/OMCSynchronization</TokenIdentifier>
			<Abstract type="html">The main class for the Synchronization Service implementation. Contains methods to make requests and manipulate the cache.</Abstract>
			<DeclaredIn>OMCSynchronization.h</DeclaredIn>
            
			
			<NodeRef refid="24"/>
		</Token>
		
		
		<Token>
			<TokenIdentifier>//apple_ref/occ/instm/OMCSynchronization/initialize</TokenIdentifier>
			<Abstract type="html">Initializes an OMCSynchronization object with the settings from &apos;synchronization&apos; node of OMC.plist
* This method OR initializeWithMobileObjectEntities: method, should be the first method called on the OMCSynchronizaiton class</Abstract>
			<DeclaredIn>OMCSynchronization.h</DeclaredIn>
			
			<Declaration>- (void)initialize</Declaration>
			
			
			<Anchor>//api/name/initialize</Anchor>
            <NodeRef refid="24"/>
		</Token>
		
		<Token>
			<TokenIdentifier>//apple_ref/occ/instm/OMCSynchronization/initializeWithMobileObjectEntities:</TokenIdentifier>
			<Abstract type="html">Initializes an OMCSynchronization object with the settings from &apos;synchronization&apos; node of OMC.plist and creates database entities for your business model or mobile objects using provided custom classes.</Abstract>
			<DeclaredIn>OMCSynchronization.h</DeclaredIn>
			
			<Declaration>- (void)initializeWithMobileObjectEntities:(NSArray *)customEntities</Declaration>
			<Parameters>
				<Parameter>
					<Name>customEntities</Name>
					<Abstract type="html">(optional) Array of custom classes that derived from OMCMobileObject class, use class properties as entity attributes for queries.
    Example array: [NSArray arrayWithObjects:[MyClass1 class], [MyClass2 class], ... , nil]</Abstract>
				</Parameter>
			</Parameters>
			
			<Anchor>//api/name/initializeWithMobileObjectEntities:</Anchor>
            <NodeRef refid="24"/>
		</Token>
		
		<Token>
			<TokenIdentifier>//apple_ref/occ/instm/OMCSynchronization/openEndpoint:apiName:endpointPath:</TokenIdentifier>
			<Abstract type="html">Returns an object that provides access to an endpoint in a custom code API.</Abstract>
			<DeclaredIn>OMCSynchronization.h</DeclaredIn>
			
			<Declaration>- (OMCMobileEndpoint *)openEndpoint:(Class)mobileClass apiName:(NSString *)apiName endpointPath:(NSString *)endpointPath</Declaration>
			<Parameters>
				<Parameter>
					<Name>mobileClass</Name>
					<Abstract type="html">(optional) The custom mobile object (entity) class, that the custom code API exposes.
( custom mobile object class must have been registered through initializeWithMobileObjectEntities: method. Or pass nil. )</Abstract>
				</Parameter><Parameter>
					<Name>apiName</Name>
					<Abstract type="html">The name of the custom code API.</Abstract>
				</Parameter><Parameter>
					<Name>endpointPath</Name>
					<Abstract type="html">The endpoint in the custom code API.</Abstract>
				</Parameter>
			</Parameters>
			<ReturnValue><Abstract type="html">An MobileEndpoint object for accessing custom code.</Abstract></ReturnValue>
			<Anchor>//api/name/openEndpoint:apiName:endpointPath:</Anchor>
            <NodeRef refid="24"/>
		</Token>
		
		<Token>
			<TokenIdentifier>//apple_ref/occ/instm/OMCSynchronization/requestWithUri:method:syncPolicy:headers:data:onSuccess:onError:</TokenIdentifier>
			<Abstract type="html">* Request for any method, could go to server or cache based on policy settings.</Abstract>
			<DeclaredIn>OMCSynchronization.h</DeclaredIn>
			
			<Declaration>- (void)requestWithUri:(NSString *)uri method:(SyncRequestMethod)method syncPolicy:(OMCSyncPolicy *)policy headers:(NSDictionary *)headers data:(NSData *)data onSuccess:(OMCSyncSuccessBlock)success onError:(OMCSyncErrorBlock)error</Declaration>
			<Parameters>
				<Parameter>
					<Name>uri</Name>
					<Abstract type="html">The URI to send the request to.</Abstract>
				</Parameter><Parameter>
					<Name>method</Name>
					<Abstract type="html">RequestMethod value.</Abstract>
				</Parameter><Parameter>
					<Name>policy</Name>
					<Abstract type="html">(optional) SyncPolicy object which has all policy settings.</Abstract>
				</Parameter><Parameter>
					<Name>headers</Name>
					<Abstract type="html">(optional) NSDictionary for extra headers to support request.</Abstract>
				</Parameter><Parameter>
					<Name>data</Name>
					<Abstract type="html">(optional) NSData for http body data, can set nil for GET method.</Abstract>
				</Parameter><Parameter>
					<Name>success</Name>
					<Abstract type="html">(optional) The block will be invoked on success of the request.</Abstract>
				</Parameter><Parameter>
					<Name>error</Name>
					<Abstract type="html">(optional) The block will be invoked on error of the request.</Abstract>
				</Parameter>
			</Parameters>
			
			<Anchor>//api/name/requestWithUri:method:syncPolicy:headers:data:onSuccess:onError:</Anchor>
            <NodeRef refid="24"/>
		</Token>
		
		<Token>
			<TokenIdentifier>//apple_ref/occ/instm/OMCSynchronization/synchronizePinnedResources:</TokenIdentifier>
			<Abstract type="html">* Synchronize all pinned resources.</Abstract>
			<DeclaredIn>OMCSynchronization.h</DeclaredIn>
			
			<Declaration>- (void)synchronizePinnedResources:(BOOL)background</Declaration>
			<Parameters>
				<Parameter>
					<Name>background</Name>
					<Abstract type="html">boolean to specify for background mode sync.</Abstract>
				</Parameter>
			</Parameters>
			
			<Anchor>//api/name/synchronizePinnedResources:</Anchor>
            <NodeRef refid="24"/>
		</Token>
		
		<Token>
			<TokenIdentifier>//apple_ref/occ/instm/OMCSynchronization/evictResource:onError:</TokenIdentifier>
			<Abstract type="html">* Evict ( delete ) the resource from the local cache.</Abstract>
			<DeclaredIn>OMCSynchronization.h</DeclaredIn>
			
			<Declaration>- (void)evictResource:(NSString *)uri onError:(OMCSyncErrorBlock)error</Declaration>
			<Parameters>
				<Parameter>
					<Name>uri</Name>
					<Abstract type="html">The URI of the resource.</Abstract>
				</Parameter><Parameter>
					<Name>error</Name>
					<Abstract type="html">(optional) The block will be invoked on error of the request.</Abstract>
				</Parameter>
			</Parameters>
			
			<Anchor>//api/name/evictResource:onError:</Anchor>
            <NodeRef refid="24"/>
		</Token>
		
		<Token>
			<TokenIdentifier>//apple_ref/occ/instm/OMCSynchronization/cacheHitCount</TokenIdentifier>
			<Abstract type="html">Returns the number of cache hits.</Abstract>
			<DeclaredIn>OMCSynchronization.h</DeclaredIn>
			
			<Declaration>- (int)cacheHitCount</Declaration>
			
			<ReturnValue><Abstract type="html">The number of cache hits.</Abstract></ReturnValue>
			<Anchor>//api/name/cacheHitCount</Anchor>
            <NodeRef refid="24"/>
		</Token>
		
		<Token>
			<TokenIdentifier>//apple_ref/occ/instm/OMCSynchronization/cacheMissCount</TokenIdentifier>
			<Abstract type="html">Returns the number of cache misses.</Abstract>
			<DeclaredIn>OMCSynchronization.h</DeclaredIn>
			
			<Declaration>- (int)cacheMissCount</Declaration>
			
			<ReturnValue><Abstract type="html">The number of cache misses.</Abstract></ReturnValue>
			<Anchor>//api/name/cacheMissCount</Anchor>
            <NodeRef refid="24"/>
		</Token>
		
		<Token>
			<TokenIdentifier>//apple_ref/occ/instm/OMCSynchronization/purge</TokenIdentifier>
			<Abstract type="html">Purge entire store with all files.</Abstract>
			<DeclaredIn>OMCSynchronization.h</DeclaredIn>
			
			<Declaration>- (void)purge</Declaration>
			
			
			<Anchor>//api/name/purge</Anchor>
            <NodeRef refid="24"/>
		</Token>
		
		<Token>
			<TokenIdentifier>//apple_ref/occ/instm/OMCSynchronization/setOfflineMode:</TokenIdentifier>
			<Abstract type="html">* Sets device to offline mode. Useful for testing
* If the device is actually offline, this setting will be ignored.</Abstract>
			<DeclaredIn>OMCSynchronization.h</DeclaredIn>
			
			<Declaration>- (void)setOfflineMode:(BOOL)isOffline</Declaration>
			<Parameters>
				<Parameter>
					<Name>isOffline</Name>
					<Abstract type="html">boolean to set offline mode</Abstract>
				</Parameter>
			</Parameters>
			
			<Anchor>//api/name/setOfflineMode:</Anchor>
            <NodeRef refid="24"/>
		</Token>
		
        
        
	</File>
</Tokens>