<?xml version="1.0" encoding="UTF-8"?>
<Tokens version="1.0">
	<File path="Classes/OMCAuthorization.html">
		
		<Token>
			<TokenIdentifier>//apple_ref/occ/cl/OMCAuthorization</TokenIdentifier>
			<Abstract type="html">Module responsible for handling OAuth 2.0, Basic Authentication, and in the future
other authentication modes.  API allows for authentication, validity check,
refresh (if applicable) and logout.  Optionally, the underlying toolkit supplies
a login dialog to get the user ID and  password.</Abstract>
			<DeclaredIn>OMCAuthorization.h</DeclaredIn>
            
			
			<NodeRef refid="4"/>
		</Token>
		
		
		<Token>
			<TokenIdentifier>//apple_ref/occ/instm/OMCAuthorization/setAccessToken:</TokenIdentifier>
			<Abstract type="html">The string representing the authentication token.  This could be an
OAuth token. For basic Authentication, only the name of the logged in
user is returned so as to not reveal the password.</Abstract>
			<DeclaredIn>OMCAuthorization.h</DeclaredIn>
			
			<Declaration>@property (readonly, strong, nonatomic) NSString *accessToken</Declaration>
			
			
			<Anchor>//api/name/accessToken</Anchor>
            <NodeRef refid="4"/>
		</Token>
		
		<Token>
			<TokenIdentifier>//apple_ref/occ/instm/OMCAuthorization/accessToken</TokenIdentifier>
			<Abstract type="html">The string representing the authentication token.  This could be an
OAuth token. For basic Authentication, only the name of the logged in
user is returned so as to not reveal the password.</Abstract>
			<DeclaredIn>OMCAuthorization.h</DeclaredIn>
			
			<Declaration>@property (readonly, strong, nonatomic) NSString *accessToken</Declaration>
			
			
			<Anchor>//api/name/accessToken</Anchor>
            <NodeRef refid="4"/>
		</Token>
		
		<Token>
			<TokenIdentifier>//apple_ref/occ/instp/OMCAuthorization/accessToken</TokenIdentifier>
			<Abstract type="html">The string representing the authentication token.  This could be an
OAuth token. For basic Authentication, only the name of the logged in
user is returned so as to not reveal the password.</Abstract>
			<DeclaredIn>OMCAuthorization.h</DeclaredIn>
			
			<Declaration>@property (readonly, strong, nonatomic) NSString *accessToken</Declaration>
			
			
			<Anchor>//api/name/accessToken</Anchor>
            <NodeRef refid="4"/>
		</Token>
		
		<Token>
			<TokenIdentifier>//apple_ref/occ/instm/OMCAuthorization/setUserName:</TokenIdentifier>
			<Abstract type="html">The user name of the authenticated user.  Returns nil
if user is not authenticated or if client credentials
OAUth Type (anonymous) was used.</Abstract>
			<DeclaredIn>OMCAuthorization.h</DeclaredIn>
			
			<Declaration>@property (readonly, strong, nonatomic) NSString *userName</Declaration>
			
			
			<Anchor>//api/name/userName</Anchor>
            <NodeRef refid="4"/>
		</Token>
		
		<Token>
			<TokenIdentifier>//apple_ref/occ/instm/OMCAuthorization/userName</TokenIdentifier>
			<Abstract type="html">The user name of the authenticated user.  Returns nil
if user is not authenticated or if client credentials
OAUth Type (anonymous) was used.</Abstract>
			<DeclaredIn>OMCAuthorization.h</DeclaredIn>
			
			<Declaration>@property (readonly, strong, nonatomic) NSString *userName</Declaration>
			
			
			<Anchor>//api/name/userName</Anchor>
            <NodeRef refid="4"/>
		</Token>
		
		<Token>
			<TokenIdentifier>//apple_ref/occ/instp/OMCAuthorization/userName</TokenIdentifier>
			<Abstract type="html">The user name of the authenticated user.  Returns nil
if user is not authenticated or if client credentials
OAUth Type (anonymous) was used.</Abstract>
			<DeclaredIn>OMCAuthorization.h</DeclaredIn>
			
			<Declaration>@property (readonly, strong, nonatomic) NSString *userName</Declaration>
			
			
			<Anchor>//api/name/userName</Anchor>
            <NodeRef refid="4"/>
		</Token>
		
		<Token>
			<TokenIdentifier>//apple_ref/occ/instm/OMCAuthorization/setAuthorized:</TokenIdentifier>
			<Abstract type="html">Whether authorization has been performed.  This could be acquisition
of an OAuth token, or validation of a user/password combination.</Abstract>
			<DeclaredIn>OMCAuthorization.h</DeclaredIn>
			
			<Declaration>@property (readonly, nonatomic) BOOL authorized</Declaration>
			
			
			<Anchor>//api/name/authorized</Anchor>
            <NodeRef refid="4"/>
		</Token>
		
		<Token>
			<TokenIdentifier>//apple_ref/occ/instm/OMCAuthorization/authorized</TokenIdentifier>
			<Abstract type="html">Whether authorization has been performed.  This could be acquisition
of an OAuth token, or validation of a user/password combination.</Abstract>
			<DeclaredIn>OMCAuthorization.h</DeclaredIn>
			
			<Declaration>@property (readonly, nonatomic) BOOL authorized</Declaration>
			
			
			<Anchor>//api/name/authorized</Anchor>
            <NodeRef refid="4"/>
		</Token>
		
		<Token>
			<TokenIdentifier>//apple_ref/occ/instp/OMCAuthorization/authorized</TokenIdentifier>
			<Abstract type="html">Whether authorization has been performed.  This could be acquisition
of an OAuth token, or validation of a user/password combination.</Abstract>
			<DeclaredIn>OMCAuthorization.h</DeclaredIn>
			
			<Declaration>@property (readonly, nonatomic) BOOL authorized</Declaration>
			
			
			<Anchor>//api/name/authorized</Anchor>
            <NodeRef refid="4"/>
		</Token>
		
		<Token>
			<TokenIdentifier>//apple_ref/occ/instm/OMCAuthorization/setAuthenticationType:</TokenIdentifier>
			<Abstract type="html">Property indicating current authentication type from
enumeration OMCAuthenticationType.  Note if the server
instance supports multiple authentication types, the user
may switch the authentication type in use at runtime.</Abstract>
			<DeclaredIn>OMCAuthorization.h</DeclaredIn>
			
			<Declaration>@property (readwrite, nonatomic) OMCAuthenticationType authenticationType</Declaration>
			
			
			<Anchor>//api/name/authenticationType</Anchor>
            <NodeRef refid="4"/>
		</Token>
		
		<Token>
			<TokenIdentifier>//apple_ref/occ/instm/OMCAuthorization/authenticationType</TokenIdentifier>
			<Abstract type="html">Property indicating current authentication type from
enumeration OMCAuthenticationType.  Note if the server
instance supports multiple authentication types, the user
may switch the authentication type in use at runtime.</Abstract>
			<DeclaredIn>OMCAuthorization.h</DeclaredIn>
			
			<Declaration>@property (readwrite, nonatomic) OMCAuthenticationType authenticationType</Declaration>
			
			
			<Anchor>//api/name/authenticationType</Anchor>
            <NodeRef refid="4"/>
		</Token>
		
		<Token>
			<TokenIdentifier>//apple_ref/occ/instp/OMCAuthorization/authenticationType</TokenIdentifier>
			<Abstract type="html">Property indicating current authentication type from
enumeration OMCAuthenticationType.  Note if the server
instance supports multiple authentication types, the user
may switch the authentication type in use at runtime.</Abstract>
			<DeclaredIn>OMCAuthorization.h</DeclaredIn>
			
			<Declaration>@property (readwrite, nonatomic) OMCAuthenticationType authenticationType</Declaration>
			
			
			<Anchor>//api/name/authenticationType</Anchor>
            <NodeRef refid="4"/>
		</Token>
		
		<Token>
			<TokenIdentifier>//apple_ref/occ/instm/OMCAuthorization/setAuthenticationMode:</TokenIdentifier>
			<Abstract type="html">Property indicating the current authentication mode.  See enumeration
for possible values.</Abstract>
			<DeclaredIn>OMCAuthorization.h</DeclaredIn>
			
			<Declaration>@property (readonly, nonatomic) OMCAuthenticationMode authenticationMode</Declaration>
			
			
			<Anchor>//api/name/authenticationMode</Anchor>
            <NodeRef refid="4"/>
		</Token>
		
		<Token>
			<TokenIdentifier>//apple_ref/occ/instm/OMCAuthorization/authenticationMode</TokenIdentifier>
			<Abstract type="html">Property indicating the current authentication mode.  See enumeration
for possible values.</Abstract>
			<DeclaredIn>OMCAuthorization.h</DeclaredIn>
			
			<Declaration>@property (readonly, nonatomic) OMCAuthenticationMode authenticationMode</Declaration>
			
			
			<Anchor>//api/name/authenticationMode</Anchor>
            <NodeRef refid="4"/>
		</Token>
		
		<Token>
			<TokenIdentifier>//apple_ref/occ/instp/OMCAuthorization/authenticationMode</TokenIdentifier>
			<Abstract type="html">Property indicating the current authentication mode.  See enumeration
for possible values.</Abstract>
			<DeclaredIn>OMCAuthorization.h</DeclaredIn>
			
			<Declaration>@property (readonly, nonatomic) OMCAuthenticationMode authenticationMode</Declaration>
			
			
			<Anchor>//api/name/authenticationMode</Anchor>
            <NodeRef refid="4"/>
		</Token>
		
		<Token>
			<TokenIdentifier>//apple_ref/occ/instm/OMCAuthorization/setOfflineAuthenticationEnabled:</TokenIdentifier>
			<Abstract type="html">Property indicating whether the user may authenticate offline.  If this
mode is enabled, the user may authenticate against their cached credentials
when the server-side is not reachable through the network.</Abstract>
			<DeclaredIn>OMCAuthorization.h</DeclaredIn>
			
			<Declaration>@property (readwrite, nonatomic) BOOL offlineAuthenticationEnabled</Declaration>
			
			
			<Anchor>//api/name/offlineAuthenticationEnabled</Anchor>
            <NodeRef refid="4"/>
		</Token>
		
		<Token>
			<TokenIdentifier>//apple_ref/occ/instm/OMCAuthorization/offlineAuthenticationEnabled</TokenIdentifier>
			<Abstract type="html">Property indicating whether the user may authenticate offline.  If this
mode is enabled, the user may authenticate against their cached credentials
when the server-side is not reachable through the network.</Abstract>
			<DeclaredIn>OMCAuthorization.h</DeclaredIn>
			
			<Declaration>@property (readwrite, nonatomic) BOOL offlineAuthenticationEnabled</Declaration>
			
			
			<Anchor>//api/name/offlineAuthenticationEnabled</Anchor>
            <NodeRef refid="4"/>
		</Token>
		
		<Token>
			<TokenIdentifier>//apple_ref/occ/instp/OMCAuthorization/offlineAuthenticationEnabled</TokenIdentifier>
			<Abstract type="html">Property indicating whether the user may authenticate offline.  If this
mode is enabled, the user may authenticate against their cached credentials
when the server-side is not reachable through the network.</Abstract>
			<DeclaredIn>OMCAuthorization.h</DeclaredIn>
			
			<Declaration>@property (readwrite, nonatomic) BOOL offlineAuthenticationEnabled</Declaration>
			
			
			<Anchor>//api/name/offlineAuthenticationEnabled</Anchor>
            <NodeRef refid="4"/>
		</Token>
		
		<Token>
			<TokenIdentifier>//apple_ref/occ/instm/OMCAuthorization/isAuthenticationConfiguredForType:</TokenIdentifier>
			<Abstract type="html">Returns whether a given authentication type is configured for this
object.  Based on the OMCMobileBackend settings, one or more authentication
types may be configured.</Abstract>
			<DeclaredIn>OMCAuthorization.h</DeclaredIn>
			
			<Declaration>- (BOOL)isAuthenticationConfiguredForType:(OMCAuthenticationType)type</Declaration>
			<Parameters>
				<Parameter>
					<Name>type</Name>
					<Abstract type="html">The authentication type to be checked for.</Abstract>
				</Parameter>
			</Parameters>
			
			<Anchor>//api/name/isAuthenticationConfiguredForType:</Anchor>
            <NodeRef refid="4"/>
		</Token>
		
		<Token>
			<TokenIdentifier>//apple_ref/occ/instm/OMCAuthorization/authenticate:password:completionBlock:</TokenIdentifier>
			<Abstract type="html">Performs the handshake to do the authentication with the supplied user
name and password.  Any required credentials beyond user and password
are gotten from the Mobile Backend.  This method does not require a UI for use.</Abstract>
			<DeclaredIn>OMCAuthorization.h</DeclaredIn>
			
			<Declaration>- (void)authenticate:(NSString *)userName password:(NSString *)password completionBlock:(OMCAuthorizationAuthCompletionBlock)completionBlock</Declaration>
			<Parameters>
				<Parameter>
					<Name>userName</Name>
					<Abstract type="html">The user name of the person acquiring the token.</Abstract>
				</Parameter><Parameter>
					<Name>password</Name>
					<Abstract type="html">The password of the person acquiring the token.</Abstract>
				</Parameter><Parameter>
					<Name>completionBlock</Name>
					<Abstract type="html">The handler invoked after the handshake has completed.</Abstract>
				</Parameter>
			</Parameters>
			
			<Anchor>//api/name/authenticate:password:completionBlock:</Anchor>
            <NodeRef refid="4"/>
		</Token>
		
		<Token>
			<TokenIdentifier>//apple_ref/occ/instm/OMCAuthorization/authenticateAnonymous:</TokenIdentifier>
			<Abstract type="html">Perform the handshake to do the authentication for the anonymous user.  No
user or password is required.  For OAuth, The client ID and secret are gotten
from the Mobile Backend.  This method does not require a UI for use.</Abstract>
			<DeclaredIn>OMCAuthorization.h</DeclaredIn>
			
			<Declaration>- (void)authenticateAnonymous:(OMCAuthorizationAuthCompletionBlock)completionBlock</Declaration>
			<Parameters>
				<Parameter>
					<Name>completionBlock</Name>
					<Abstract type="html">the handler invoked after the handshake has completed</Abstract>
				</Parameter>
			</Parameters>
			
			<Anchor>//api/name/authenticateAnonymous:</Anchor>
            <NodeRef refid="4"/>
		</Token>
		
		<Token>
			<TokenIdentifier>//apple_ref/occ/instm/OMCAuthorization/authenticate:password:</TokenIdentifier>
			<Abstract type="html">Gets the authentication token or logs in the user synchronously with
the supplied user name and password.  Any additional required credentials
are gotten from the Mobile Backend.  This method does not require a UI
for use and should not be invoked from a UI thread.  This method is
primarily intended for testing and its use is not recommended in production code.</Abstract>
			<DeclaredIn>OMCAuthorization.h</DeclaredIn>
			
			<Declaration>- (NSError *)authenticate:(NSString *)userName password:(NSString *)password</Declaration>
			<Parameters>
				<Parameter>
					<Name>userName</Name>
					<Abstract type="html">The user name of the person acquiring the token.</Abstract>
				</Parameter><Parameter>
					<Name>password</Name>
					<Abstract type="html">The password of the person acquiring the token.</Abstract>
				</Parameter>
			</Parameters>
			<ReturnValue><Abstract type="html">An error if one occurred, else nil.</Abstract></ReturnValue>
			<Anchor>//api/name/authenticate:password:</Anchor>
            <NodeRef refid="4"/>
		</Token>
		
		<Token>
			<TokenIdentifier>//apple_ref/occ/instm/OMCAuthorization/authenticateAnonymous</TokenIdentifier>
			<Abstract type="html">Does the authentication synchronously for the anonymous login.
No user or password is required.  Any additional required credentials are
gotten from the Mobile Backend.  This method does not require a UI for use
and should not be  invoked from a UI thread.  This method is primarily intended
for testing and its use is not recommended in production code.</Abstract>
			<DeclaredIn>OMCAuthorization.h</DeclaredIn>
			
			<Declaration>- (NSError *)authenticateAnonymous</Declaration>
			
			<ReturnValue><Abstract type="html">An error if one occurred, else nil.</Abstract></ReturnValue>
			<Anchor>//api/name/authenticateAnonymous</Anchor>
            <NodeRef refid="4"/>
		</Token>
		
		<Token>
			<TokenIdentifier>//apple_ref/occ/instm/OMCAuthorization/authenticateSocial:</TokenIdentifier>
			<Abstract type="html">Acquire the authentication credentials for a mobile social site asynchronously.
Currently the only social app supported is Facebook.  The user config onfig file
must be set up for Facebook-style authentication.</Abstract>
			<DeclaredIn>OMCAuthorization.h</DeclaredIn>
			
			<Declaration>- (void)authenticateSocial:(OMCAuthorizationAuthCompletionBlock)completionBlock</Declaration>
			<Parameters>
				<Parameter>
					<Name>completionBlock</Name>
					<Abstract type="html">the handler invoked after the handshake has completed

Note: This method and all the other &quot;authenticate&quot; methods are not thread-safe,
so the caller must use appropriate synchronization methods when the potential for
concurrent invocation exists. The lifetime of the concurrency includes completion
of the asynchronous user callback.</Abstract>
				</Parameter>
			</Parameters>
			
			<Anchor>//api/name/authenticateSocial:</Anchor>
            <NodeRef refid="4"/>
		</Token>
		
		<Token>
			<TokenIdentifier>//apple_ref/occ/instm/OMCAuthorization/authenticateSocial</TokenIdentifier>
			<Abstract type="html">Acquire the authentication credentials for a mobile social site synchronously.
Currently the only social app supported is Facebook.  The user config onfig file
must be set up for Facebook-style authentication.  This method is primarily
intended for testing and its use is not recommended in production code.</Abstract>
			<DeclaredIn>OMCAuthorization.h</DeclaredIn>
			
			<Declaration>- (NSError *)authenticateSocial</Declaration>
			
			
			<Anchor>//api/name/authenticateSocial</Anchor>
            <NodeRef refid="4"/>
		</Token>
		
		<Token>
			<TokenIdentifier>//apple_ref/occ/instm/OMCAuthorization/authenticateSSO:clearCookies:completionBlock:</TokenIdentifier>
			<Abstract type="html">Acquire the authentication credentials using federated single sign-on.  The
The user config file must be set up for SSO-style authentication.</Abstract>
			<DeclaredIn>OMCAuthorization.h</DeclaredIn>
			
			<Declaration>- (void)authenticateSSO:(UIViewController *)presentingViewController clearCookies:(BOOL)clearCookies completionBlock:(OMCAuthorizationAuthCompletionBlock)completionBlock</Declaration>
			<Parameters>
				<Parameter>
					<Name>presentingViewController</Name>
					<Abstract type="html">- a view contoller upon which the SSO web browser
view will be presented.</Abstract>
				</Parameter><Parameter>
					<Name>clearCookies</Name>
					<Abstract type="html">- if set, clears all cookies related to authentication for this app</Abstract>
				</Parameter><Parameter>
					<Name>completionBlock</Name>
					<Abstract type="html">- the handler invoked after the token acquisition attempt
has completed.  Note this incldues a boolean value to indicate whether the user has
cancelled from the web browser.

Note: This method and all the other &quot;authenticate&quot; methods are not thread-safe,
so the caller must use appropriate synchronization methods when the potential for
concurrent invocation exists. The lifetime of the concurrency includes completion
of the asynchronous user callback.</Abstract>
				</Parameter>
			</Parameters>
			
			<Anchor>//api/name/authenticateSSO:clearCookies:completionBlock:</Anchor>
            <NodeRef refid="4"/>
		</Token>
		
		<Token>
			<TokenIdentifier>//apple_ref/occ/instm/OMCAuthorization/authenticateSSO:clearCookies:</TokenIdentifier>
			<Abstract type="html">Acquire the authentication credentials using federated single sign-on synchronously.
The user config file must be set up for SSO-style authentication.  This method is
primarily intended for testing and its use is not recommended in production code.</Abstract>
			<DeclaredIn>OMCAuthorization.h</DeclaredIn>
			
			<Declaration>- (NSError *)authenticateSSO:(UIViewController *)presentingViewController clearCookies:(BOOL)clearCookies</Declaration>
			<Parameters>
				<Parameter>
					<Name>presentingViewController</Name>
					<Abstract type="html">- a view contoller upon which the SSO web browser
view will be presented.</Abstract>
				</Parameter><Parameter>
					<Name>clearCookies</Name>
					<Abstract type="html">- if set, clears all cookies related to authentication for this app

Note: This method and all the other &quot;authenticate&quot; methods are not thread-safe,
so the caller must use appropriate synchronization methods when the potential for
concurrent invocation exists. The lifetime of the concurrency includes completion
of the asynchronous user callback.</Abstract>
				</Parameter>
			</Parameters>
			
			<Anchor>//api/name/authenticateSSO:clearCookies:</Anchor>
            <NodeRef refid="4"/>
		</Token>
		
		<Token>
			<TokenIdentifier>//apple_ref/occ/instm/OMCAuthorization/setHTTPHeadersOnRequest:</TokenIdentifier>
			<Abstract type="html">Sets the proper HTTP Authorization headers for an authorization-enabled request on the
specified request.  The exact headers depend on the authentication type in use.</Abstract>
			<DeclaredIn>OMCAuthorization.h</DeclaredIn>
			
	<RelatedTokens>
		<TokenIdentifier>//apple_ref/occ/instm/OMCAuthorization/setHTTPHeadersOnRequest:completionHandler:</TokenIdentifier>
		<TokenIdentifier>//apple_ref/occ/instm/OMCMobileBackend/setHTTPHeadersOnRequest:</TokenIdentifier>
		
	</RelatedTokens>
	
			<Declaration>- (void)setHTTPHeadersOnRequest:(NSMutableURLRequest *)request</Declaration>
			<Parameters>
				<Parameter>
					<Name>request</Name>
					<Abstract type="html">The request object to set the header on.</Abstract>
				</Parameter>
			</Parameters>
			
			<Anchor>//api/name/setHTTPHeadersOnRequest:</Anchor>
            <NodeRef refid="4"/>
		</Token>
		
		<Token>
			<TokenIdentifier>//apple_ref/occ/instm/OMCAuthorization/addHTTPHeadersToRequest:</TokenIdentifier>
			<Abstract type="html">Adds the proper HTTP Authorization headers for an authorization-enabled request to the
specified request.  The exact headers depend on the authentication type in use.</Abstract>
			<DeclaredIn>OMCAuthorization.h</DeclaredIn>
			
	<RelatedTokens>
		<TokenIdentifier>//apple_ref/occ/instm/OMCAuthorization/setHTTPHeadersOnRequest:</TokenIdentifier>
		<TokenIdentifier>//apple_ref/occ/instm/OMCMobileBackend/addHTTPHeadersToRequest:</TokenIdentifier>
		
	</RelatedTokens>
	
			<Declaration>- (void)addHTTPHeadersToRequest:(NSMutableURLRequest *)request</Declaration>
			<Parameters>
				<Parameter>
					<Name>request</Name>
					<Abstract type="html">The request object to add the header to.</Abstract>
				</Parameter>
			</Parameters>
			
			<Anchor>//api/name/addHTTPHeadersToRequest:</Anchor>
            <NodeRef refid="4"/>
		</Token>
		
		<Token>
			<TokenIdentifier>//apple_ref/occ/instm/OMCAuthorization/setHTTPHeadersOnRequest:completionHandler:</TokenIdentifier>
			<Abstract type="html">Sets the proper HTTP Authorization headers for an authorization-enabled request on the
specified request.  The exact headers depend on the authentication type in use.</Abstract>
			<DeclaredIn>OMCAuthorization.h</DeclaredIn>
			
	<RelatedTokens>
		<TokenIdentifier>//apple_ref/occ/instm/OMCAuthorization/setHTTPHeadersOnRequest:</TokenIdentifier>
		<TokenIdentifier>//apple_ref/occ/instm/OMCMobileBackend/setHTTPHeadersOnRequest:completionHandler:</TokenIdentifier>
		
	</RelatedTokens>
	
			<Declaration>- (void)setHTTPHeadersOnRequest:(NSMutableURLRequest *)request completionHandler:(OMCErrorCompletionBlock)completionHandler</Declaration>
			<Parameters>
				<Parameter>
					<Name>request</Name>
					<Abstract type="html">The request object to set the header on.</Abstract>
				</Parameter><Parameter>
					<Name>completionHandler</Name>
					<Abstract type="html">The completion block invoked once the receiver&apos;s
HTTP headers have been set on the URL request or an error occurs.</Abstract>
				</Parameter>
			</Parameters>
			
			<Anchor>//api/name/setHTTPHeadersOnRequest:completionHandler:</Anchor>
            <NodeRef refid="4"/>
		</Token>
		
		<Token>
			<TokenIdentifier>//apple_ref/occ/instm/OMCAuthorization/addHTTPHeadersToRequest:completionHandler:</TokenIdentifier>
			<Abstract type="html">Adds the proper HTTP Authorization headers for an authorization-enabled request to the
specified request.  The exact headers depend on the authentication type in use.</Abstract>
			<DeclaredIn>OMCAuthorization.h</DeclaredIn>
			
	<RelatedTokens>
		<TokenIdentifier>//apple_ref/occ/instm/OMCAuthorization/setHTTPHeadersOnRequest:completionHandler:</TokenIdentifier>
		<TokenIdentifier>//apple_ref/occ/instm/OMCMobileBackend/addHTTPHeadersToRequest:completionHandler:</TokenIdentifier>
		
	</RelatedTokens>
	
			<Declaration>- (void)addHTTPHeadersToRequest:(NSMutableURLRequest *)request completionHandler:(OMCErrorCompletionBlock)completionHandler</Declaration>
			<Parameters>
				<Parameter>
					<Name>request</Name>
					<Abstract type="html">The request object to add the header to.</Abstract>
				</Parameter><Parameter>
					<Name>completionHandler</Name>
					<Abstract type="html">The completion block invoked once the receiver&apos;s
HTTP headers have been added to the URL request or an error occurs.</Abstract>
				</Parameter>
			</Parameters>
			
			<Anchor>//api/name/addHTTPHeadersToRequest:completionHandler:</Anchor>
            <NodeRef refid="4"/>
		</Token>
		
		<Token>
			<TokenIdentifier>//apple_ref/occ/instm/OMCAuthorization/validateToken:</TokenIdentifier>
			<Abstract type="html">Returns whether the current token is valid (non-expired) and
optionally refreshes the token if expired if the authentication
protocol supports refresh.</Abstract>
			<DeclaredIn>OMCAuthorization.h</DeclaredIn>
			
			<Declaration>- (BOOL)validateToken:(BOOL)refresh</Declaration>
			<Parameters>
				<Parameter>
					<Name>refresh</Name>
					<Abstract type="html">Whether to refresh the token (ignored for OAuth).</Abstract>
				</Parameter>
			</Parameters>
			<ReturnValue><Abstract type="html">Whether the token was valid.</Abstract></ReturnValue>
			<Anchor>//api/name/validateToken:</Anchor>
            <NodeRef refid="4"/>
		</Token>
		
		<Token>
			<TokenIdentifier>//apple_ref/occ/instm/OMCAuthorization/refreshTokenAsync:</TokenIdentifier>
			<Abstract type="html">Returns asynchronously whether the current token is valid
(non-expired) and refreshes the token if expired.</Abstract>
			<DeclaredIn>OMCAuthorization.h</DeclaredIn>
			
			<Declaration>- (void)refreshTokenAsync:(OMCAuthorizationTokenValidityBlock)completionBlock</Declaration>
			<Parameters>
				<Parameter>
					<Name>completionBlock</Name>
					<Abstract type="html">the handler block called to report the results.
If valid is YES, the token was valid or has successfully been refreshed;
otherwise, the entire authentication sequence should be reinitiated.</Abstract>
				</Parameter>
			</Parameters>
			
			<Anchor>//api/name/refreshTokenAsync:</Anchor>
            <NodeRef refid="4"/>
		</Token>
		
		<Token>
			<TokenIdentifier>//apple_ref/occ/instm/OMCAuthorization/logout:</TokenIdentifier>
			<Abstract type="html">Logs the user out and revokes the authentication credentials (if applicable and supported).
Clears any local cached credentials.</Abstract>
			<DeclaredIn>OMCAuthorization.h</DeclaredIn>
			
			<Declaration>- (void)logout:(OMCAuthorizationLogoutCompletionBlock)completionBlock</Declaration>
			<Parameters>
				<Parameter>
					<Name>completionBlock</Name>
					<Abstract type="html">The handler invoked after the logout attempt has completed.</Abstract>
				</Parameter>
			</Parameters>
			
			<Anchor>//api/name/logout:</Anchor>
            <NodeRef refid="4"/>
		</Token>
		
		<Token>
			<TokenIdentifier>//apple_ref/occ/instm/OMCAuthorization/logout</TokenIdentifier>
			<Abstract type="html">Synchronously logs the user out and revokes the authentication credentials
(if applicable and supported).
Clears any local cached credentials.</Abstract>
			<DeclaredIn>OMCAuthorization.h</DeclaredIn>
			
			<Declaration>- (NSError *)logout</Declaration>
			
			<ReturnValue><Abstract type="html">An error if one occurred, else nil.</Abstract></ReturnValue>
			<Anchor>//api/name/logout</Anchor>
            <NodeRef refid="4"/>
		</Token>
		
		<Token>
			<TokenIdentifier>//apple_ref/occ/instm/OMCAuthorization/logoutClearCredentials:completionBlock:</TokenIdentifier>
			<Abstract type="html">Logs the user out and optionally revokes the authentication credentials (if applicable and supported).
Clears any local cached credentials.</Abstract>
			<DeclaredIn>OMCAuthorization.h</DeclaredIn>
			
			<Declaration>- (void)logoutClearCredentials:(BOOL)clearCredentials completionBlock:(OMCAuthorizationLogoutCompletionBlock)completionBlock</Declaration>
			<Parameters>
				<Parameter>
					<Name>clearCredentials</Name>
					<Abstract type="html">whether or not to clear the cached credentials</Abstract>
				</Parameter><Parameter>
					<Name>completionBlock</Name>
					<Abstract type="html">the handler invoked after the logout attempt has completed</Abstract>
				</Parameter>
			</Parameters>
			
			<Anchor>//api/name/logoutClearCredentials:completionBlock:</Anchor>
            <NodeRef refid="4"/>
		</Token>
		
		<Token>
			<TokenIdentifier>//apple_ref/occ/instm/OMCAuthorization/logoutClearCredentials:</TokenIdentifier>
			<Abstract type="html">Synchronously logs the user out and revokes the authentication credentials
(if applicable and supported).
Clears any local cached credentials.</Abstract>
			<DeclaredIn>OMCAuthorization.h</DeclaredIn>
			
			<Declaration>- (NSError *)logoutClearCredentials:(BOOL)clearCredentials</Declaration>
			<Parameters>
				<Parameter>
					<Name>clearCredentials</Name>
					<Abstract type="html">whether or not to clear the cached credentials</Abstract>
				</Parameter>
			</Parameters>
			<ReturnValue><Abstract type="html">An error if one occurred, else nil.</Abstract></ReturnValue>
			<Anchor>//api/name/logoutClearCredentials:</Anchor>
            <NodeRef refid="4"/>
		</Token>
		
		<Token>
			<TokenIdentifier>//apple_ref/occ/instm/OMCAuthorization/getCurrentUser:</TokenIdentifier>
			<Abstract type="html">Gets the properties for the currently authorized user.  This is an asynchronous
method where the success status is returned in the completion block.</Abstract>
			<DeclaredIn>OMCAuthorization.h</DeclaredIn>
			
			<Declaration>- (void)getCurrentUser:(OMCUserRegistrationCompletionBlockWithUser)completionBlock</Declaration>
			<Parameters>
				<Parameter>
					<Name>completionBlock</Name>
					<Abstract type="html">The completion handler called upon return from the server</Abstract>
				</Parameter>
			</Parameters>
			
			<Anchor>//api/name/getCurrentUser:</Anchor>
            <NodeRef refid="4"/>
		</Token>
		
		<Token>
			<TokenIdentifier>//apple_ref/occ/instm/OMCAuthorization/updateCurrentUser:completionCallback:</TokenIdentifier>
			<Abstract type="html">Updates the currently authorized user&apos;s UMS properties.  This is an asynchronous
method where the success status is returned in the completion block.</Abstract>
			<DeclaredIn>OMCAuthorization.h</DeclaredIn>
			
			<Declaration>- (void)updateCurrentUser:(OMCUser *)user completionCallback:(OMCUserRegistrationCompletionBlock)completionBlock</Declaration>
			<Parameters>
				<Parameter>
					<Name>user</Name>
					<Abstract type="html">The user object to set as the current user attributes.</Abstract>
				</Parameter><Parameter>
					<Name>completionBlock</Name>
					<Abstract type="html">The completion handler called upon return from the server.</Abstract>
				</Parameter>
			</Parameters>
			
			<Anchor>//api/name/updateCurrentUser:completionCallback:</Anchor>
            <NodeRef refid="4"/>
		</Token>
		
        
        
	</File>
</Tokens>